US EPA Office of Water Watershed Report,,,,,,,,,,
StreamCat Summary for Catchment Feature ID 21712448,,,,,,,,,,
Data extracted from StreamCat as of March 17 2017,,,,,,,,,,
More information on the StreamCat dataset at https://www.epa.gov/national-aquatic-resource-surveys/streamcat,,,,,,,,,,
StreamCat Search Criteria:,,,,,,,,,,
   o Area of Interest: CATCHMENT/WATERSHED; RIPARIAN BUFFER (100M),,,,,,,,,,
   o Landscape Class: DISTURBANCE; NATURAL,,,,,,,,,,
   o Landscape Metric Type: AGRICULTURE; CLIMATE; DISTURBANCE; HYDROLOGY; INFRASTRUCTURE; LAND COVER; LITHOLOGY; MINES; POLLUTION; RIPARIAN; SOILS; TOPOGRAPHY; URBAN; WETNESS,,,,,,,,,,
 ,,,,,,,,,,
Landscape Layer,Area of Interest (AOI),AOI Size (km²),Metric Description,Metric Value,Metric Unit of Measure,AOI Percent Covered,AOI Covered Size (km²),Landscape Metric Class,Landscape Metric Type,"Source Table Name,"
2006 National Land Cover Database Agricultural Land Cover on Slopes,Catchment,0.8856,Percent agricultural land cover (classes 81 and 82) of the catchment area classified by the NLCD2006 landscape raster where slope is greater than 10%.,0.30487804878,%,100,0.8856,Disturbance,Agriculture,PctAg2006Slp10Cat
2006 National Land Cover Database Agricultural Land Cover on Slopes,Watershed,1.6083,Percent agricultural land cover (classes 81 and 82) of the watershed area classified by the NLCD2006 landscape raster where slope is greater than 10%.,0.167879127029,%,100,1.6083,Disturbance,Agriculture,PctAg2006Slp10Ws
2006 National Land Cover Database Agricultural Land Cover on Slopes,Catchment,0.8856,Percent agricultural land cover (classes 81 and 82) of the catchment area classified by the NLCD2006 landscape raster where slope is equal to or greater than 20%.,0,%,100,0.8856,Disturbance,Agriculture,PctAg2006Slp20Cat
2006 National Land Cover Database Agricultural Land Cover on Slopes,Watershed,1.6083,Percent agricultural land cover (classes 81 and 82) of the watershed area classified by the NLCD2006 landscape raster where slope is equal to or greater than 20%.,0,%,100,1.6083,Disturbance,Agriculture,PctAg2006Slp20Ws
Agricultural Nitrogen Inputs,Catchment,0.8856,Mean rate of biological nitrogen fixation from the cultivation of crops in kg N/ha/yr within the local catchment.,1.02439024390244,kg/ha/yr,100,0.8856,Disturbance,Pollution,CBNFCat
Agricultural Nitrogen Inputs,Watershed,1.6083,Mean rate of biological nitrogen fixation from the cultivation of crops in kg N/ha/yr within the total upstream watershed.,1.16172355903749,kg/ha/yr,100,1.6083,Disturbance,Pollution,CBNFWs
Agricultural Nitrogen Inputs,Catchment,0.8856,Mean rate of synthetic nitrogen fertilizer application in kg N/ha/yr within the local catchment.,19.1219512195122,kg/ha/yr,100,0.8856,Disturbance,Pollution,FertCat
Agricultural Nitrogen Inputs,Watershed,1.6083,Mean rate of synthetic nitrogen fertilizer application in kg N/ha/yr within the total upstream watershed.,21.6855064353665,kg/ha/yr,100,1.6083,Disturbance,Pollution,FertWs
Agricultural Nitrogen Inputs,Catchment,0.8856,Mean rate of manure application from confined animal feeding operations in kg N/ha/yr within the local catchment.,0,kg/ha/yr,100,0.8856,Disturbance,Pollution,ManureCat
Agricultural Nitrogen Inputs,Watershed,1.6083,Mean rate of manure application from confined animal feeding operations in kg N/ha/yr within the total upstream watershed.,0,kg/ha/yr,100,1.6083,Disturbance,Pollution,ManureWs
Base Flow Index,Catchment,0.8856,"Ratio of base flow to total flow, expressed as a percentage within the local catchment.",45.1737804878049,%,100,0.8856,Natural,Hydrology,BFICat
Base Flow Index,Watershed,1.6083,"Ratio of base flow to total flow, expressed as a percentage within the total upstream watershed.",45.9944040290991,%,100,1.6083,Natural,Hydrology,BFIWs
Canal Density,Catchment,0.8856,"Density of NHDPlusV2 line features within the local catchment classified as canal, ditch, or pipeline.(kilometer of canal/square kilometer).",0,km/km²,100,0.8856,Disturbance,Infrastructure,CanalDensCat
Canal Density,Watershed,1.6083,"Density of NHDPlusV2 line features within the total upstream watershed classified as canal, ditch, or pipeline.(kilometer of canal/square kilometer).",0,km/km²,100,1.6083,Disturbance,Infrastructure,CanalDensWs
National Coal Resource Dataset System,Catchment,0.8856,Density of georeferenced coal mine sites within the local catchment.,0,sites/km²,100,0.8856,Disturbance,Mines,CoalMineDensCat
National Coal Resource Dataset System,Watershed,1.6083,Density of georeferenced coal mine sites within the total upstream watershed.,0,sites/km²,100,1.6083,Disturbance,Mines,CoalMineDensWs
Dam Density and Storage Volume,Catchment,0.8856,Density of georeferenced dams within the local catchment.,0,dams/km²,100,0.8856,Disturbance,Infrastructure,DamDensCat
Dam Density and Storage Volume,Watershed,1.6083,Density of georeferenced dams within the upstream watershed.,0,dams/km²,100,1.6083,Disturbance,Infrastructure,DamDensWs
Dam Density and Storage Volume,Catchment,0.8856,Mean NID storage volume of all dam reservoirs (NID_STORA in NID) within the local catchment.,0,m³/km²,100,0.8856,Disturbance,Infrastructure,DamNIDStorM3Cat
Dam Density and Storage Volume,Watershed,1.6083,Mean NID storage volume of all dam reservoirs (NID_STORA in NID) within the total upstream watershed.,0,m³/km²,100,1.6083,Disturbance,Infrastructure,DamNIDStorM3Ws
Dam Density and Storage Volume,Catchment,0.8856,Mean normal storage volume of all dam reservoirs (NORM_STORA in NID) within the local catchment.,0,m³/km²,100,0.8856,Disturbance,Infrastructure,DamNrmStorM3Cat
Dam Density and Storage Volume,Watershed,1.6083,Mean normal storage volume of all dam reservoirs (NORM_STORA in NID) within the total upstream watershed.,0,m³/km²,100,1.6083,Disturbance,Infrastructure,DamNrmStorM3Ws
National Elevation Dataset,Catchment,0.8856,Mean of all elev_cm values within the local catchment divided by 100 to convert cm to m.,180.110355691,m,100,0.8856,Natural,Topography,ElevCat
National Elevation Dataset,Watershed,1.6083,Mean of all elev_cm values within the upstream watershed divided by 100 to convert cm to m.,187.15386122,m,100,1.6083,Natural,Topography,ElevWs
"Facility Registry Services (FRS): Toxic Release Inventory (TRI), National Pollutant Discharge Elimination System (NPDES), and Superfund Sites",Catchment,0.8856,Density of georeferenced National Pollutant Discharge Elimination System sites within the local catchment.,0,sites/km²,100,0.8856,Disturbance,Pollution,NPDESDensCat
"Facility Registry Services (FRS): Toxic Release Inventory (TRI), National Pollutant Discharge Elimination System (NPDES), and Superfund Sites",Watershed,1.6083,Density of georeferenced National Pollutant Discharge Elimination System sites within the upstream watershed.,0,sites/km²,100,1.6083,Disturbance,Pollution,NPDESDensWs
"Facility Registry Services (FRS): Toxic Release Inventory (TRI), National Pollutant Discharge Elimination System (NPDES), and Superfund Sites",Riparian Buffered Catchment,0.2934,Density of georeferenced National Pollutant Discharge Elimination System sites within the riparian mask of the local catchment.,0,sites/km²,100,0.2934,Disturbance,Pollution,NPDESDensCatRp100
"Facility Registry Services (FRS): Toxic Release Inventory (TRI), National Pollutant Discharge Elimination System (NPDES), and Superfund Sites",Riparian Buffered Watershed,0.4788,Density of georeferenced National Pollutant Discharge Elimination System sites within the riparian mask of the upstream watershed.,0,sites/km²,100,0.4788,Disturbance,Pollution,NPDESDensWsRp100
"Facility Registry Services (FRS): Toxic Release Inventory (TRI), National Pollutant Discharge Elimination System (NPDES), and Superfund Sites",Catchment,0.8856,Density of georeferenced Superfund sites within the local catchment.,0,sites/km²,100,0.8856,Disturbance,Pollution,SuperfundDensCat
"Facility Registry Services (FRS): Toxic Release Inventory (TRI), National Pollutant Discharge Elimination System (NPDES), and Superfund Sites",Watershed,1.6083,Density of georeferenced Superfund sites within the upstream watershed.,0,sites/km²,100,1.6083,Disturbance,Pollution,SuperfundDensWs
"Facility Registry Services (FRS): Toxic Release Inventory (TRI), National Pollutant Discharge Elimination System (NPDES), and Superfund Sites",Riparian Buffered Catchment,0.2934,Density of georeferenced Superfund sites within the riparian mask of the local catchment.,0,sites/km²,100,0.2934,Disturbance,Pollution,SuperfundDensCatRp100
"Facility Registry Services (FRS): Toxic Release Inventory (TRI), National Pollutant Discharge Elimination System (NPDES), and Superfund Sites",Riparian Buffered Watershed,0.4788,Density of georeferenced Superfund sites within the riparian mask of the upstream watershed.,0,sites/km²,100,0.4788,Disturbance,Pollution,SuperfundDensWsRp100
"Facility Registry Services (FRS): Toxic Release Inventory (TRI), National Pollutant Discharge Elimination System (NPDES), and Superfund Sites",Catchment,0.8856,Density of georeferenced Toxic Release Inventory sites within the local catchment.,0,sites/km²,100,0.8856,Disturbance,Pollution,TRIDensCat
"Facility Registry Services (FRS): Toxic Release Inventory (TRI), National Pollutant Discharge Elimination System (NPDES), and Superfund Sites",Watershed,1.6083,Density of georeferenced Toxic Release Inventory sites within the upstream watershed.,0,sites/km²,100,1.6083,Disturbance,Pollution,TRIDensWs
"Facility Registry Services (FRS): Toxic Release Inventory (TRI), National Pollutant Discharge Elimination System (NPDES), and Superfund Sites",Riparian Buffered Catchment,0.2934,Density of georeferenced Toxic Release Inventory sites within the riparian mask of the local catchment.,0,sites/km²,100,0.2934,Disturbance,Pollution,TRIDensCatRp100
"Facility Registry Services (FRS): Toxic Release Inventory (TRI), National Pollutant Discharge Elimination System (NPDES), and Superfund Sites",Riparian Buffered Watershed,0.4788,Density of georeferenced Toxic Release Inventory sites within the riparian mask of the upstream watershed.,0,sites/km²,100,0.4788,Disturbance,Pollution,TRIDensWsRp100
Wildland Fire Perimeters By Year 2000 - 2010,Catchment,0.8856,Percentage forest loss to fire (fire perimeter) in 2000 within the local catchment.,0,%,100,0.8856,Disturbance,Disturbance,PctFire2000Cat
Wildland Fire Perimeters By Year 2000 - 2010,Watershed,1.6083,Percentage forest loss to fire (fire perimeter) in 2000 within the total upstream watershed.,0,%,100,1.6083,Disturbance,Disturbance,PctFire2000Ws
Wildland Fire Perimeters By Year 2000 - 2010,Riparian Buffered Catchment,0.2934,Percentage forest loss to fire (fire perimeter) in 2000 within the riparian mask of the local catchment.,0,%,100,0.2934,Disturbance,Riparian,PctFire2000CatRp100
Wildland Fire Perimeters By Year 2000 - 2010,Riparian Buffered Watershed,0.4788,Percentage forest loss to fire (fire perimeter) in 2000 within the riparian mask of the total upstream watershed.,0,%,100,0.4788,Disturbance,Riparian,PctFire2000WsRp100
Wildland Fire Perimeters By Year 2000 - 2010,Catchment,0.8856,Percentage forest loss to fire (fire perimeter) in 2001 within the local catchment.,0,%,100,0.8856,Disturbance,Disturbance,PctFire2001Cat
Wildland Fire Perimeters By Year 2000 - 2010,Watershed,1.6083,Percentage forest loss to fire (fire perimeter) in 2001 within the total upstream watershed.,0,%,100,1.6083,Disturbance,Disturbance,PctFire2001Ws
Wildland Fire Perimeters By Year 2000 - 2010,Riparian Buffered Catchment,0.2934,Percentage forest loss to fire (fire perimeter) in 2001 within the riparian mask of the local catchment.,0,%,100,0.2934,Disturbance,Riparian,PctFire2001CatRp100
Wildland Fire Perimeters By Year 2000 - 2010,Riparian Buffered Watershed,0.4788,Percentage forest loss to fire (fire perimeter) in 2001 within the riparian mask of the total upstream watershed.,0,%,100,0.4788,Disturbance,Riparian,PctFire2001WsRp100
Wildland Fire Perimeters By Year 2000 - 2010,Catchment,0.8856,Percentage forest loss to fire (fire perimeter) in 2002 within the local catchment.,0,%,100,0.8856,Disturbance,Disturbance,PctFire2002Cat
Wildland Fire Perimeters By Year 2000 - 2010,Watershed,1.6083,Percentage forest loss to fire (fire perimeter) in 2002 within the total upstream watershed.,0,%,100,1.6083,Disturbance,Disturbance,PctFire2002Ws
Wildland Fire Perimeters By Year 2000 - 2010,Riparian Buffered Catchment,0.2934,Percentage forest loss to fire (fire perimeter) in 2002 within the riparian mask of the local catchment.,0,%,100,0.2934,Disturbance,Riparian,PctFire2002CatRp100
Wildland Fire Perimeters By Year 2000 - 2010,Riparian Buffered Watershed,0.4788,Percentage forest loss to fire (fire perimeter) in 2002 within the riparian mask of the total upstream watershed.,0,%,100,0.4788,Disturbance,Riparian,PctFire2002WsRp100
Wildland Fire Perimeters By Year 2000 - 2010,Catchment,0.8856,Percentage forest loss to fire (fire perimeter) in 2003 within the local catchment.,0,%,100,0.8856,Disturbance,Disturbance,PctFire2003Cat
Wildland Fire Perimeters By Year 2000 - 2010,Watershed,1.6083,Percentage forest loss to fire (fire perimeter) in 2003 within the total upstream watershed.,0,%,100,1.6083,Disturbance,Disturbance,PctFire2003Ws
Wildland Fire Perimeters By Year 2000 - 2010,Riparian Buffered Catchment,0.2934,Percentage forest loss to fire (fire perimeter) in 2003 within the riparian mask of the local catchment.,0,%,100,0.2934,Disturbance,Riparian,PctFire2003CatRp100
Wildland Fire Perimeters By Year 2000 - 2010,Riparian Buffered Watershed,0.4788,Percentage forest loss to fire (fire perimeter) in 2003 within the riparian mask of the total upstream watershed.,0,%,100,0.4788,Disturbance,Riparian,PctFire2003WsRp100
Wildland Fire Perimeters By Year 2000 - 2010,Catchment,0.8856,Percentage forest loss to fire (fire perimeter) in 2004 within the local catchment.,0,%,100,0.8856,Disturbance,Disturbance,PctFire2004Cat
Wildland Fire Perimeters By Year 2000 - 2010,Watershed,1.6083,Percentage forest loss to fire (fire perimeter) in 2004 within the total upstream watershed.,0,%,100,1.6083,Disturbance,Disturbance,PctFire2004Ws
Wildland Fire Perimeters By Year 2000 - 2010,Riparian Buffered Catchment,0.2934,Percentage forest loss to fire (fire perimeter) in 2004 within the riparian mask of the local catchment.,0,%,100,0.2934,Disturbance,Riparian,PctFire2004CatRp100
Wildland Fire Perimeters By Year 2000 - 2010,Riparian Buffered Watershed,0.4788,Percentage forest loss to fire (fire perimeter) in 2004 within the riparian mask of the total upstream watershed.,0,%,100,0.4788,Disturbance,Riparian,PctFire2004WsRp100
Wildland Fire Perimeters By Year 2000 - 2010,Catchment,0.8856,Percentage forest loss to fire (fire perimeter) in 2005 within the local catchment.,0,%,100,0.8856,Disturbance,Disturbance,PctFire2005Cat
Wildland Fire Perimeters By Year 2000 - 2010,Watershed,1.6083,Percentage forest loss to fire (fire perimeter) in 2005 within the total upstream watershed.,0,%,100,1.6083,Disturbance,Disturbance,PctFire2005Ws
Wildland Fire Perimeters By Year 2000 - 2010,Riparian Buffered Catchment,0.2934,Percentage forest loss to fire (fire perimeter) in 2005 within the riparian mask of the local catchment.,0,%,100,0.2934,Disturbance,Riparian,PctFire2005CatRp100
Wildland Fire Perimeters By Year 2000 - 2010,Riparian Buffered Watershed,0.4788,Percentage forest loss to fire (fire perimeter) in 2005 within the riparian mask of the total upstream watershed.,0,%,100,0.4788,Disturbance,Riparian,PctFire2005WsRp100
Wildland Fire Perimeters By Year 2000 - 2010,Catchment,0.8856,Percentage forest loss to fire (fire perimeter) in 2006 within the local catchment.,0,%,100,0.8856,Disturbance,Disturbance,PctFire2006Cat
Wildland Fire Perimeters By Year 2000 - 2010,Watershed,1.6083,Percentage forest loss to fire (fire perimeter) in 2006 within the total upstream watershed.,0,%,100,1.6083,Disturbance,Disturbance,PctFire2006Ws
Wildland Fire Perimeters By Year 2000 - 2010,Riparian Buffered Catchment,0.2934,Percentage forest loss to fire (fire perimeter) in 2006 within the riparian mask of the local catchment.,0,%,100,0.2934,Disturbance,Riparian,PctFire2006CatRp100
Wildland Fire Perimeters By Year 2000 - 2010,Riparian Buffered Watershed,0.4788,Percentage forest loss to fire (fire perimeter) in 2006 within the riparian mask of the total upstream watershed.,0,%,100,0.4788,Disturbance,Riparian,PctFire2006WsRp100
Wildland Fire Perimeters By Year 2000 - 2010,Catchment,0.8856,Percentage forest loss to fire (fire perimeter) in 2007 within the local catchment.,0,%,100,0.8856,Disturbance,Disturbance,PctFire2007Cat
Wildland Fire Perimeters By Year 2000 - 2010,Watershed,1.6083,Percentage forest loss to fire (fire perimeter) in 2007 within the total upstream watershed.,0,%,100,1.6083,Disturbance,Disturbance,PctFire2007Ws
Wildland Fire Perimeters By Year 2000 - 2010,Riparian Buffered Catchment,0.2934,Percentage forest loss to fire (fire perimeter) in 2007 within the riparian mask of the local catchment.,0,%,100,0.2934,Disturbance,Riparian,PctFire2007CatRp100
Wildland Fire Perimeters By Year 2000 - 2010,Riparian Buffered Watershed,0.4788,Percentage forest loss to fire (fire perimeter) in 2007 within the riparian mask of the total upstream watershed.,0,%,100,0.4788,Disturbance,Riparian,PctFire2007WsRp100
Wildland Fire Perimeters By Year 2000 - 2010,Catchment,0.8856,Percentage forest loss to fire (fire perimeter) in 2008 within the local catchment.,0,%,100,0.8856,Disturbance,Disturbance,PctFire2008Cat
Wildland Fire Perimeters By Year 2000 - 2010,Watershed,1.6083,Percentage forest loss to fire (fire perimeter) in 2008 within the total upstream watershed.,0,%,100,1.6083,Disturbance,Disturbance,PctFire2008Ws
Wildland Fire Perimeters By Year 2000 - 2010,Riparian Buffered Catchment,0.2934,Percentage forest loss to fire (fire perimeter) in 2008 within the riparian mask of the local catchment.,0,%,100,0.2934,Disturbance,Riparian,PctFire2008CatRp100
Wildland Fire Perimeters By Year 2000 - 2010,Riparian Buffered Watershed,0.4788,Percentage forest loss to fire (fire perimeter) in 2008 within the riparian mask of the total upstream watershed.,0,%,100,0.4788,Disturbance,Riparian,PctFire2008WsRp100
Wildland Fire Perimeters By Year 2000 - 2010,Catchment,0.8856,Percentage forest loss to fire (fire perimeter) in 2009 within the local catchment.,0,%,100,0.8856,Disturbance,Disturbance,PctFire2009Cat
Wildland Fire Perimeters By Year 2000 - 2010,Watershed,1.6083,Percentage forest loss to fire (fire perimeter) in 2009 within the total upstream watershed.,0,%,100,1.6083,Disturbance,Disturbance,PctFire2009Ws
Wildland Fire Perimeters By Year 2000 - 2010,Riparian Buffered Catchment,0.2934,Percentage forest loss to fire (fire perimeter) in 2009 within the riparian mask of the local catchment.,0,%,100,0.2934,Disturbance,Riparian,PctFire2009CatRp100
Wildland Fire Perimeters By Year 2000 - 2010,Riparian Buffered Watershed,0.4788,Percentage forest loss to fire (fire perimeter) in 2009 within the riparian mask of the total upstream watershed.,0,%,100,0.4788,Disturbance,Riparian,PctFire2009WsRp100
Wildland Fire Perimeters By Year 2000 - 2010,Catchment,0.8856,Percentage forest loss to fire (fire perimeter) in 2010 within the local catchment.,0,%,100,0.8856,Disturbance,Disturbance,PctFire2010Cat
Wildland Fire Perimeters By Year 2000 - 2010,Watershed,1.6083,Percentage forest loss to fire (fire perimeter) in 2010 within the total upstream watershed.,0,%,100,1.6083,Disturbance,Disturbance,PctFire2010Ws
Wildland Fire Perimeters By Year 2000 - 2010,Riparian Buffered Catchment,0.2934,Percentage forest loss to fire (fire perimeter) in 2010 within the riparian mask of the local catchment.,0,%,100,0.2934,Disturbance,Riparian,PctFire2010CatRp100
Wildland Fire Perimeters By Year 2000 - 2010,Riparian Buffered Watershed,0.4788,Percentage forest loss to fire (fire perimeter) in 2010 within the riparian mask of the total upstream watershed.,0,%,100,0.4788,Disturbance,Riparian,PctFire2010WsRp100
Forest Loss By Year 2001 to 2013,Catchment,0.8856,Percent of forest loss detected primarily in the year 2001 within the local catchment.,12.3983739837,%,100,0.8856,Disturbance,Disturbance,PctFrstLoss2001Cat
Forest Loss By Year 2001 to 2013,Watershed,1.6083,Percent of forest loss detected primarily in the year 2001 within the total upstream watershed.,7.55456071628,%,100,1.6083,Disturbance,Disturbance,PctFrstLoss2001Ws
Riparian Buffer Forest Loss By Year 2001 to 2013,Riparian Buffered Catchment,0.2934,Percent of forest loss detected primarily in the year 2001 within the riparian mask of the local catchment.,21.1656441717791,%,100,0.2934,Disturbance,Riparian,PctFrstLoss2001CatRp100
Riparian Buffer Forest Loss By Year 2001 to 2013,Riparian Buffered Watershed,0.4788,Percent of forest loss detected primarily in the year 2001 within the riparian mask of the total upstream watershed.,15.0375939849624,%,100,0.4788,Disturbance,Riparian,PctFrstLoss2001WsRp100
Forest Loss By Year 2001 to 2013,Catchment,0.8856,Percent of forest loss detected primarily in the year 2002 within the local catchment.,1.0162601626,%,100,0.8856,Disturbance,Disturbance,PctFrstLoss2002Cat
Forest Loss By Year 2001 to 2013,Watershed,1.6083,Percent of forest loss detected primarily in the year 2002 within the total upstream watershed.,0.559597090095,%,100,1.6083,Disturbance,Disturbance,PctFrstLoss2002Ws
Riparian Buffer Forest Loss By Year 2001 to 2013,Riparian Buffered Catchment,0.2934,Percent of forest loss detected primarily in the year 2002 within the riparian mask of the local catchment.,0,%,100,0.2934,Disturbance,Riparian,PctFrstLoss2002CatRp100
Riparian Buffer Forest Loss By Year 2001 to 2013,Riparian Buffered Watershed,0.4788,Percent of forest loss detected primarily in the year 2002 within the riparian mask of the total upstream watershed.,0,%,100,0.4788,Disturbance,Riparian,PctFrstLoss2002WsRp100
Forest Loss By Year 2001 to 2013,Catchment,0.8856,Percent of forest loss detected primarily in the year 2003 within the local catchment.,0.10162601626,%,100,0.8856,Disturbance,Disturbance,PctFrstLoss2003Cat
Forest Loss By Year 2001 to 2013,Watershed,1.6083,Percent of forest loss detected primarily in the year 2003 within the total upstream watershed.,1.62283156128,%,100,1.6083,Disturbance,Disturbance,PctFrstLoss2003Ws
Riparian Buffer Forest Loss By Year 2001 to 2013,Riparian Buffered Catchment,0.2934,Percent of forest loss detected primarily in the year 2003 within the riparian mask of the local catchment.,0.306748466257669,%,100,0.2934,Disturbance,Riparian,PctFrstLoss2003CatRp100
Riparian Buffer Forest Loss By Year 2001 to 2013,Riparian Buffered Watershed,0.4788,Percent of forest loss detected primarily in the year 2003 within the riparian mask of the total upstream watershed.,1.31578947368421,%,100,0.4788,Disturbance,Riparian,PctFrstLoss2003WsRp100
Forest Loss By Year 2001 to 2013,Catchment,0.8856,Percent of forest loss detected primarily in the year 2004 within the local catchment.,0.711382113821,%,100,0.8856,Disturbance,Disturbance,PctFrstLoss2004Cat
Forest Loss By Year 2001 to 2013,Watershed,1.6083,Percent of forest loss detected primarily in the year 2004 within the total upstream watershed.,0.503637381086,%,100,1.6083,Disturbance,Disturbance,PctFrstLoss2004Ws
Riparian Buffer Forest Loss By Year 2001 to 2013,Riparian Buffered Catchment,0.2934,Percent of forest loss detected primarily in the year 2004 within the riparian mask of the local catchment.,0,%,100,0.2934,Disturbance,Riparian,PctFrstLoss2004CatRp100
Riparian Buffer Forest Loss By Year 2001 to 2013,Riparian Buffered Watershed,0.4788,Percent of forest loss detected primarily in the year 2004 within the riparian mask of the total upstream watershed.,0,%,100,0.4788,Disturbance,Riparian,PctFrstLoss2004WsRp100
Forest Loss By Year 2001 to 2013,Catchment,0.8856,Percent of forest loss detected primarily in the year 2005 within the local catchment.,0,%,100,0.8856,Disturbance,Disturbance,PctFrstLoss2005Cat
Forest Loss By Year 2001 to 2013,Watershed,1.6083,Percent of forest loss detected primarily in the year 2005 within the total upstream watershed.,0,%,100,1.6083,Disturbance,Disturbance,PctFrstLoss2005Ws
Riparian Buffer Forest Loss By Year 2001 to 2013,Riparian Buffered Catchment,0.2934,Percent of forest loss detected primarily in the year 2005 within the riparian mask of the local catchment.,0,%,100,0.2934,Disturbance,Riparian,PctFrstLoss2005CatRp100
Riparian Buffer Forest Loss By Year 2001 to 2013,Riparian Buffered Watershed,0.4788,Percent of forest loss detected primarily in the year 2005 within the riparian mask of the total upstream watershed.,0,%,100,0.4788,Disturbance,Riparian,PctFrstLoss2005WsRp100
Forest Loss By Year 2001 to 2013,Catchment,0.8856,Percent of forest loss detected primarily in the year 2006 within the local catchment.,0.20325203252,%,100,0.8856,Disturbance,Disturbance,PctFrstLoss2006Cat
Forest Loss By Year 2001 to 2013,Watershed,1.6083,Percent of forest loss detected primarily in the year 2006 within the total upstream watershed.,0.111919418019,%,100,1.6083,Disturbance,Disturbance,PctFrstLoss2006Ws
Riparian Buffer Forest Loss By Year 2001 to 2013,Riparian Buffered Catchment,0.2934,Percent of forest loss detected primarily in the year 2006 within the riparian mask of the local catchment.,0.613496932515337,%,100,0.2934,Disturbance,Riparian,PctFrstLoss2006CatRp100
Riparian Buffer Forest Loss By Year 2001 to 2013,Riparian Buffered Watershed,0.4788,Percent of forest loss detected primarily in the year 2006 within the riparian mask of the total upstream watershed.,0.37593984962406,%,100,0.4788,Disturbance,Riparian,PctFrstLoss2006WsRp100
Forest Loss By Year 2001 to 2013,Catchment,0.8856,Percent of forest loss detected primarily in the year 2007 within the local catchment.,0,%,100,0.8856,Disturbance,Disturbance,PctFrstLoss2007Cat
Forest Loss By Year 2001 to 2013,Watershed,1.6083,Percent of forest loss detected primarily in the year 2007 within the total upstream watershed.,0,%,100,1.6083,Disturbance,Disturbance,PctFrstLoss2007Ws
Riparian Buffer Forest Loss By Year 2001 to 2013,Riparian Buffered Catchment,0.2934,Percent of forest loss detected primarily in the year 2007 within the riparian mask of the local catchment.,0,%,100,0.2934,Disturbance,Riparian,PctFrstLoss2007CatRp100
Riparian Buffer Forest Loss By Year 2001 to 2013,Riparian Buffered Watershed,0.4788,Percent of forest loss detected primarily in the year 2007 within the riparian mask of the total upstream watershed.,0,%,100,0.4788,Disturbance,Riparian,PctFrstLoss2007WsRp100
Forest Loss By Year 2001 to 2013,Catchment,0.8856,Percent of forest loss detected primarily in the year 2008 within the local catchment.,0,%,100,0.8856,Disturbance,Disturbance,PctFrstLoss2008Cat
Forest Loss By Year 2001 to 2013,Watershed,1.6083,Percent of forest loss detected primarily in the year 2008 within the total upstream watershed.,0.111919418019,%,100,1.6083,Disturbance,Disturbance,PctFrstLoss2008Ws
Riparian Buffer Forest Loss By Year 2001 to 2013,Riparian Buffered Catchment,0.2934,Percent of forest loss detected primarily in the year 2008 within the riparian mask of the local catchment.,0,%,100,0.2934,Disturbance,Riparian,PctFrstLoss2008CatRp100
Riparian Buffer Forest Loss By Year 2001 to 2013,Riparian Buffered Watershed,0.4788,Percent of forest loss detected primarily in the year 2008 within the riparian mask of the total upstream watershed.,0.18796992481203,%,100,0.4788,Disturbance,Riparian,PctFrstLoss2008WsRp100
Forest Loss By Year 2001 to 2013,Catchment,0.8856,Percent of forest loss detected primarily in the year 2009 within the local catchment.,0,%,100,0.8856,Disturbance,Disturbance,PctFrstLoss2009Cat
Forest Loss By Year 2001 to 2013,Watershed,1.6083,Percent of forest loss detected primarily in the year 2009 within the total upstream watershed.,0,%,100,1.6083,Disturbance,Disturbance,PctFrstLoss2009Ws
Riparian Buffer Forest Loss By Year 2001 to 2013,Riparian Buffered Catchment,0.2934,Percent of forest loss detected primarily in the year 2009 within the riparian mask of the local catchment.,0,%,100,0.2934,Disturbance,Riparian,PctFrstLoss2009CatRp100
Riparian Buffer Forest Loss By Year 2001 to 2013,Riparian Buffered Watershed,0.4788,Percent of forest loss detected primarily in the year 2009 within the riparian mask of the total upstream watershed.,0,%,100,0.4788,Disturbance,Riparian,PctFrstLoss2009WsRp100
Forest Loss By Year 2001 to 2013,Catchment,0.8856,Percent of forest loss detected primarily in the year 2010 within the local catchment.,0,%,100,0.8856,Disturbance,Disturbance,PctFrstLoss2010Cat
Forest Loss By Year 2001 to 2013,Watershed,1.6083,Percent of forest loss detected primarily in the year 2010 within the total upstream watershed.,0,%,100,1.6083,Disturbance,Disturbance,PctFrstLoss2010Ws
Riparian Buffer Forest Loss By Year 2001 to 2013,Riparian Buffered Catchment,0.2934,Percent of forest loss detected primarily in the year 2010 within the riparian mask of the local catchment.,0,%,100,0.2934,Disturbance,Riparian,PctFrstLoss2010CatRp100
Riparian Buffer Forest Loss By Year 2001 to 2013,Riparian Buffered Watershed,0.4788,Percent of forest loss detected primarily in the year 2010 within the riparian mask of the total upstream watershed.,0,%,100,0.4788,Disturbance,Riparian,PctFrstLoss2010WsRp100
Forest Loss By Year 2001 to 2013,Catchment,0.8856,Percent of forest loss detected primarily in the year 2011 within the local catchment.,0,%,100,0.8856,Disturbance,Disturbance,PctFrstLoss2011Cat
Forest Loss By Year 2001 to 2013,Watershed,1.6083,Percent of forest loss detected primarily in the year 2011 within the total upstream watershed.,0,%,100,1.6083,Disturbance,Disturbance,PctFrstLoss2011Ws
Riparian Buffer Forest Loss By Year 2001 to 2013,Riparian Buffered Catchment,0.2934,Percent of forest loss detected primarily in the year 2011 within the riparian mask of the local catchment.,0,%,100,0.2934,Disturbance,Riparian,PctFrstLoss2011CatRp100
Riparian Buffer Forest Loss By Year 2001 to 2013,Riparian Buffered Watershed,0.4788,Percent of forest loss detected primarily in the year 2011 within the riparian mask of the total upstream watershed.,0,%,100,0.4788,Disturbance,Riparian,PctFrstLoss2011WsRp100
Forest Loss By Year 2001 to 2013,Catchment,0.8856,Percent of forest loss detected primarily in the year 2012 within the local catchment.,0,%,100,0.8856,Disturbance,Disturbance,PctFrstLoss2012Cat
Forest Loss By Year 2001 to 2013,Watershed,1.6083,Percent of forest loss detected primarily in the year 2012 within the total upstream watershed.,0.111919418019,%,100,1.6083,Disturbance,Disturbance,PctFrstLoss2012Ws
Riparian Buffer Forest Loss By Year 2001 to 2013,Riparian Buffered Catchment,0.2934,Percent of forest loss detected primarily in the year 2012 within the riparian mask of the local catchment.,0,%,100,0.2934,Disturbance,Riparian,PctFrstLoss2012CatRp100
Riparian Buffer Forest Loss By Year 2001 to 2013,Riparian Buffered Watershed,0.4788,Percent of forest loss detected primarily in the year 2012 within the riparian mask of the total upstream watershed.,0.37593984962406,%,100,0.4788,Disturbance,Riparian,PctFrstLoss2012WsRp100
Forest Loss By Year 2001 to 2013,Catchment,0.8856,Percent of forest loss detected primarily in the year 2013 within the local catchment.,0,%,100,0.8856,Disturbance,Disturbance,PctFrstLoss2013Cat
Forest Loss By Year 2001 to 2013,Watershed,1.6083,Percent of forest loss detected primarily in the year 2013 within the total upstream watershed.,0,%,100,1.6083,Disturbance,Disturbance,PctFrstLoss2013Ws
Riparian Buffer Forest Loss By Year 2001 to 2013,Riparian Buffered Catchment,0.2934,Percent of forest loss detected primarily in the year 2013 within the riparian mask of the local catchment.,0,%,100,0.2934,Disturbance,Riparian,PctFrstLoss2013CatRp100
Riparian Buffer Forest Loss By Year 2001 to 2013,Riparian Buffered Watershed,0.4788,Percent of forest loss detected primarily in the year 2013 within the riparian mask of the total upstream watershed.,0,%,100,0.4788,Disturbance,Riparian,PctFrstLoss2013WsRp100
Olson and Hawkins (2014) Geochemical and Geophysical Characteristics,Catchment,0.8856,"Lithological aluminum oxide content in surface or near surface geology, expressed as a percentage within the local catchment.",12.4234023055894,%,100,0.8856,Natural,Lithology,Al2O3Cat
Olson and Hawkins (2014) Geochemical and Geophysical Characteristics,Watershed,1.6083,"Lithological aluminum oxide content in surface or near surface geology, expressed as a percentage within the total upstream watershed.",12.4413651923895,%,100,1.6083,Natural,Lithology,Al2O3Ws
Olson and Hawkins (2014) Geochemical and Geophysical Characteristics,Catchment,0.8856,"Lithological calcium oxide content in surface or near surface geology, expressed as a percentage within the local catchment.",0.626164714011179,%,100,0.8856,Natural,Lithology,CaOCat
Olson and Hawkins (2014) Geochemical and Geophysical Characteristics,Watershed,1.6083,"Lithological calcium oxide content in surface or near surface geology, expressed as a percentage within the total upstream watershed.",0.619903516821488,%,100,1.6083,Natural,Lithology,CaOWs
Olson and Hawkins (2014) Geochemical and Geophysical Characteristics,Catchment,0.8856,"Lithological ferric oxide content in surface or near surface geology, expressed as a percentage within the local catchment.",11.737227238313,%,100,0.8856,Natural,Lithology,Fe2O3Cat
Olson and Hawkins (2014) Geochemical and Geophysical Characteristics,Watershed,1.6083,"Lithological ferric oxide content in surface or near surface geology, expressed as a percentage within the total upstream watershed.",11.8540356854505,%,100,1.6083,Natural,Lithology,Fe2O3Ws
Olson and Hawkins (2014) Geochemical and Geophysical Characteristics,Catchment,0.8856,"Lithological potassium oxide content in surface or near surface geology, expressed as a percentage within the local catchment.",2.43370709186992,%,100,0.8856,Natural,Lithology,K2OCat
Olson and Hawkins (2014) Geochemical and Geophysical Characteristics,Watershed,1.6083,"Lithological potassium oxide content in surface or near surface geology, expressed as a percentage within the total upstream watershed.",2.44091787362619,%,100,1.6083,Natural,Lithology,K2OWs
Olson and Hawkins (2014) Geochemical and Geophysical Characteristics,Catchment,0.8856,"Lithological magnesium oxide content in surface or near surface geology, expressed as a percentage within the local catchment.",1.13662758881098,%,100,0.8856,Natural,Lithology,MgOCat
Olson and Hawkins (2014) Geochemical and Geophysical Characteristics,Watershed,1.6083,"Lithological magnesium oxide content in surface or near surface geology, expressed as a percentage within the total upstream watershed.",1.12018852214885,%,100,1.6083,Natural,Lithology,MgOWs
Olson and Hawkins (2014) Geochemical and Geophysical Characteristics,Catchment,0.8856,"Lithological sodium oxide content in surface or near surface geology, expressed as a percentage within the local catchment.",0.922718349511179,%,100,0.8856,Natural,Lithology,Na2OCat
Olson and Hawkins (2014) Geochemical and Geophysical Characteristics,Watershed,1.6083,"Lithological sodium oxide content in surface or near surface geology, expressed as a percentage within the total upstream watershed.",0.918247982350308,%,100,1.6083,Natural,Lithology,Na2OWs
Olson and Hawkins (2014) Geochemical and Geophysical Characteristics,Catchment,0.8856,"Lithological phosphorus pentoxide content in surface or near surface geology, expressed as a percentage within the local catchment.",0.132157832807927,%,100,0.8856,Natural,Lithology,P2O5Cat
Olson and Hawkins (2014) Geochemical and Geophysical Characteristics,Watershed,1.6083,"Lithological phosphorus pentoxide content in surface or near surface geology, expressed as a percentage within the total upstream watershed.",0.13238932441634,%,100,1.6083,Natural,Lithology,P2O5Ws
Olson and Hawkins (2014) Geochemical and Geophysical Characteristics,Catchment,0.8856,"Lithological sulfur content in surface or near surface geology, expressed as a percentage within the local catchment.",0.021826212180793,%,100,0.8856,Natural,Lithology,SCat
Olson and Hawkins (2014) Geochemical and Geophysical Characteristics,Watershed,1.6083,"Lithological sulfur content in surface or near surface geology, expressed as a percentage within the total upstream watershed.",0.021575376300728,%,100,1.6083,Natural,Lithology,SWs
Olson and Hawkins (2014) Geochemical and Geophysical Characteristics,Catchment,0.8856,"Lithological silicon dioxide content in surface or near surface geology, expressed as a percentage within the local catchment.",66.9580566902439,%,100,0.8856,Natural,Lithology,SiO2Cat
Olson and Hawkins (2014) Geochemical and Geophysical Characteristics,Watershed,1.6083,"Lithological silicon dioxide content in surface or near surface geology, expressed as a percentage within the total upstream watershed.",66.9343141964186,%,100,1.6083,Natural,Lithology,SiO2Ws
Olson and Hawkins (2014) Geochemical and Geophysical Characteristics,Catchment,0.8856,"Lithological nitrogen content in surface or near surface geology, expressed as a percentage within the local catchment.",0.182259401684959,%,100,0.8856,Natural,Lithology,NCat
Olson and Hawkins (2014) Geochemical and Geophysical Characteristics,Watershed,1.6083,"Lithological nitrogen content in surface or near surface geology, expressed as a percentage within the total upstream watershed.",0.185346297815333,%,100,1.6083,Natural,Lithology,NWs
Olson and Hawkins (2014) Geochemical and Geophysical Characteristics,Catchment,0.8856,"Hydraulic conductivity (in micrometers per second) of surface or near surface geology, within the local catchment.",28.3037905848577,%,100,0.8856,Natural,Lithology,HydrlCondCat
Olson and Hawkins (2014) Geochemical and Geophysical Characteristics,Watershed,1.6083,"Hydraulic conductivity (in micrometers per second) of surface or near surface geology, within the total upstream watershed.",28.8399994001119,%,100,1.6083,Natural,Lithology,HydrlCondWs
Olson and Hawkins (2014) Geochemical and Geophysical Characteristics,Catchment,0.8856,"Compressive strength, measured as uniaxial compressive strength (in megaPascals) of surface or near surface geology, within the local catchment",28.6442245235772,%,100,0.8856,Natural,Lithology,CompStrgthCat
Olson and Hawkins (2014) Geochemical and Geophysical Characteristics,Watershed,1.6083,"Compressive strength, measured as uniaxial compressive strength (in megaPascals) of surface or near surface geology, within the total upstream watershed",26.2271155073307,%,100,1.6083,Natural,Lithology,CompStrgthWs
2006 National Land Cover Database Impervious Surfaces,Catchment,0.8856,Mean imperviousness of anthropogenic surfaces within catchment.,0.922764227642,%,100,0.8856,Disturbance,Infrastructure,PctImp2006Cat
2006 National Land Cover Database Impervious Surfaces,Watershed,1.6083,Mean imperviousness of anthropogenic surfaces within watershed.,0.984331281477,%,100,1.6083,Disturbance,Infrastructure,PctImp2006Ws
2006 National Land Cover Database Impervious Surfaces,Riparian Buffered Catchment,0.2934,Mean imperviousness of anthropogenic surfaces within catchment and within a 100-m buffer of NHD stream lines.,0.466257668711656,%,100,0.2934,Disturbance,Infrastructure,PctImp2006CatRp100
2006 National Land Cover Database Impervious Surfaces,Riparian Buffered Watershed,0.4788,Mean imperviousness of anthropogenic surfaces within watershed and within a 100-m buffer of NHD stream lines.,0.298872180451128,%,100,0.4788,Disturbance,Infrastructure,PctImp2006WsRp100
Soil Erodibility (KFFACT),Catchment,0.8856,Mean agricultural surface soil erodibility factor adjusted within the local catchment.,0.061463414634146,,100,0.8856,Natural,Soils,AgKffactCat
Soil Erodibility (KFFACT),Watershed,1.6083,Mean agricultural surface soil erodibility factor adjusted within the total upstream watershed.,0.06970341354225,,100,1.6083,Natural,Soils,AgKffactWs
Soil Erodibility (KFFACT),Catchment,0.8856,Mean surface soil erodibility factor adjusted within the local catchment.,0.18,,100,0.8856,Natural,Soils,KffactCat
Soil Erodibility (KFFACT),Watershed,1.6083,Mean surface soil erodibility factor adjusted within the total upstream watershed.,0.18,,100,1.6083,Natural,Soils,KffactWs
Surficial Lithology,Catchment,0.8856,Percentage of catchment area classified as lithology type: alkaline intrusive volcanic rock.,0,%,100,0.8856,Natural,Lithology,PctAlkIntruVolCat
Surficial Lithology,Watershed,1.6083,Percentage of watershed area classified as as lithology type: alkaline intrusive volcanic rock.,0,%,100,1.6083,Natural,Lithology,PctAlkIntruVolWs
Surficial Lithology,Catchment,0.8856,Percentage of catchment area classified as lithology type: alluvium and fine-textured coastal zone sediment.,0,%,100,0.8856,Natural,Lithology,PctAlluvCoastCat
Surficial Lithology,Watershed,1.6083,Percentage of watershed area classified as as lithology type: alluvium and fine-textured coastal zone sediment.,12.1992165640739,%,100,1.6083,Natural,Lithology,PctAlluvCoastWs
Surficial Lithology,Catchment,0.8856,Percentage of catchment area classified as lithology type: carbonate residual material.,0,%,100,0.8856,Natural,Lithology,PctCarbResidCat
Surficial Lithology,Watershed,1.6083,Percentage of watershed area classified as as lithology type: carbonate residual material.,0,%,100,1.6083,Natural,Lithology,PctCarbResidWs
Surficial Lithology,Catchment,0.8856,"Percentage of catchment area classified as lithology type: coastal zone sediment, coarse-textured.",0,%,100,0.8856,Natural,Lithology,PctCoastCrsCat
Surficial Lithology,Watershed,1.6083,"Percentage of watershed area classified as as lithology type: coastal zone sediment, coarse-textured.",0,%,100,1.6083,Natural,Lithology,PctCoastCrsWs
Surficial Lithology,Catchment,0.8856,Percentage of catchment area classified as lithology type: colluvial sediment.,0,%,100,0.8856,Natural,Lithology,PctColluvSedCat
Surficial Lithology,Watershed,1.6083,Percentage of watershed area classified as as lithology type: colluvial sediment.,0,%,100,1.6083,Natural,Lithology,PctColluvSedWs
Surficial Lithology,Catchment,0.8856,"Percentage of catchment area classified as lithology type: eolian sediment, coarse-textured (sand dunes).",0,%,100,0.8856,Natural,Lithology,PctEolCrsCat
Surficial Lithology,Watershed,1.6083,"Percentage of watershed area classified as as lithology type: eolian sediment, coarse-textured (sand dunes).",0,%,100,1.6083,Natural,Lithology,PctEolCrsWs
Surficial Lithology,Catchment,0.8856,"Percentage of catchment area classified as lithology type: eolian sediment, fine-textured (glacial loess).",0,%,100,0.8856,Natural,Lithology,PctEolFineCat
Surficial Lithology,Watershed,1.6083,"Percentage of watershed area classified as as lithology type: eolian sediment, fine-textured (glacial loess).",0,%,100,1.6083,Natural,Lithology,PctEolFineWs
Surficial Lithology,Catchment,0.8856,Percentage of catchment area classified as lithology type: extrusive volcanic rock.,0,%,100,0.8856,Natural,Lithology,PctExtruVolCat
Surficial Lithology,Watershed,1.6083,Percentage of watershed area classified as as lithology type: extrusive volcanic rock.,0,%,100,1.6083,Natural,Lithology,PctExtruVolWs
Surficial Lithology,Catchment,0.8856,"Percentage of catchment area classified as lithology type: glacial outwash and glacial lake sediment, coarse-textured.",0,%,100,0.8856,Natural,Lithology,PctGlacLakeCrsCat
Surficial Lithology,Watershed,1.6083,"Percentage of watershed area classified as as lithology type: glacial outwash and glacial lake sediment, coarse-textured.",0,%,100,1.6083,Natural,Lithology,PctGlacLakeCrsWs
Surficial Lithology,Catchment,0.8856,"Percentage of catchment area classified as lithology type: glacial lake sediment, fine-textured.",0,%,100,0.8856,Natural,Lithology,PctGlacLakeFineCat
Surficial Lithology,Watershed,1.6083,"Percentage of watershed area classified as as lithology type: glacial lake sediment, fine-textured.",0,%,100,1.6083,Natural,Lithology,PctGlacLakeFineWs
Surficial Lithology,Catchment,0.8856,"Percentage of catchment area classified as lithology type: glacial till, clayey.",0,%,100,0.8856,Natural,Lithology,PctGlacTilClayCat
Surficial Lithology,Watershed,1.6083,"Percentage of watershed area classified as as lithology type: glacial till, clayey.",0,%,100,1.6083,Natural,Lithology,PctGlacTilClayWs
Surficial Lithology,Catchment,0.8856,"Percentage of catchment area classified as lithology type: glacial till, coarse-textured.",0,%,100,0.8856,Natural,Lithology,PctGlacTilCrsCat
Surficial Lithology,Watershed,1.6083,"Percentage of watershed area classified as as lithology type: glacial till, coarse-textured.",0,%,100,1.6083,Natural,Lithology,PctGlacTilCrsWs
Surficial Lithology,Catchment,0.8856,"Percentage of catchment area classified as lithology type: glacial till, loamy.",0,%,100,0.8856,Natural,Lithology,PctGlacTilLoamCat
Surficial Lithology,Watershed,1.6083,"Percentage of watershed area classified as as lithology type: glacial till, loamy.",0,%,100,1.6083,Natural,Lithology,PctGlacTilLoamWs
Surficial Lithology,Catchment,0.8856,"Percentage of catchment area classified as lithology type: hydric, peat and muck.",0,%,100,0.8856,Natural,Lithology,PctHydricCat
Surficial Lithology,Watershed,1.6083,"Percentage of watershed area classified as as lithology type: hydric, peat and muck.",0,%,100,1.6083,Natural,Lithology,PctHydricWs
Surficial Lithology,Catchment,0.8856,Percentage of catchment area classified as lithology type: non-carbonate residual material.,100,%,100,0.8856,Natural,Lithology,PctNonCarbResidCat
Surficial Lithology,Watershed,1.6083,Percentage of watershed area classified as as lithology type: non-carbonate residual material.,87.8007834359261,%,100,1.6083,Natural,Lithology,PctNonCarbResidWs
Surficial Lithology,Catchment,0.8856,Percentage of catchment area classified as lithology type: saline like sediment.,0,%,100,0.8856,Natural,Lithology,PctSalLakeCat
Surficial Lithology,Watershed,1.6083,Percentage of watershed area classified as as lithology type: saline like sediment.,0,%,100,1.6083,Natural,Lithology,PctSalLakeWs
Surficial Lithology,Catchment,0.8856,Percentage of catchment area classified as lithology type: silicic residual material.,0,%,100,0.8856,Natural,Lithology,PctSilicicCat
Surficial Lithology,Watershed,1.6083,Percentage of watershed area classified as as lithology type: silicic residual material.,0,%,100,1.6083,Natural,Lithology,PctSilicicWs
Surficial Lithology,Catchment,0.8856,Percentage of catchment area classified as lithology type: water.,0,%,100,0.8856,Natural,Lithology,PctWaterCat
Surficial Lithology,Watershed,1.6083,Percentage of watershed area classified as as lithology type: water,0,%,100,1.6083,Natural,Lithology,PctWaterWs
Mine Density Active Mines and Mineral Plants in the US,Catchment,0.8856,Density of georeferenced mines and mineral plants within the local catchment.,0,sites/km²,100,0.8856,Disturbance,Pollution,MineDensCat
Mine Density Active Mines and Mineral Plants in the US,Watershed,1.6083,Density of georeferenced mines and mineral plants within the upstream watershed.,0,sites/km²,100,1.6083,Disturbance,Pollution,MineDensWs
Mine Density Active Mines and Mineral Plants in the US,Riparian Buffered Catchment,0.2934,Density of georeferenced mines and mineral plants within the riparian mask of the local catchment.,0,sites/km²,100,0.2934,Disturbance,Pollution,MineDensCatRp100
Mine Density Active Mines and Mineral Plants in the US,Riparian Buffered Watershed,0.4788,Density of georeferenced mines and mineral plants within the riparian mask of the upstream watershed.,0,sites/km²,100,0.4788,Disturbance,Pollution,MineDensWsRp100
National Anthropenic Barrier Dataset,Catchment,0.8856,Density of georeferenced dams within the local catchment (dams/square km).,0,dams/km²,100,0.8856,Disturbance,Infrastructure,DensCat
National Anthropenic Barrier Dataset,Watershed,1.6083,Density of georeferenced dams within the total upstream watershed (dams/square km).,0,dams/km²,100,1.6083,Disturbance,Infrastructure,NABD_DensWs
National Anthropenic Barrier Dataset,Catchment,0.8856,Mean NID storage volume of all dam reservoirs (NID_STORA in NID) within the local catchment (cubic meters/square km).,0,m³/km²,100,0.8856,Disturbance,Infrastructure,NABD_NIDStorM3Cat
National Anthropenic Barrier Dataset,Watershed,1.6083,Mean NID storage volume of all dam reservoirs (NID_STORA in NID) within the total upstream watershed (cubic meters/square km).,0,m³/km²,100,1.6083,Disturbance,Infrastructure,NABD_NIDStorM3Ws
National Anthropenic Barrier Dataset,Catchment,0.8856,Mean normal storage volume of all dam reservoirs (NORM_STORA in NID) within the local catchment (cubic meters/square km).,0,m³/km²,100,0.8856,Disturbance,Infrastructure,NABD_NrmStorM3Cat
National Anthropenic Barrier Dataset,Watershed,1.6083,Mean normal storage volume of all dam reservoirs (NORM_STORA in NID) within the total upstream watershed (cubic meters/square km).,0,m³/km²,100,1.6083,Disturbance,Infrastructure,NABD_NrmStorM3Ws
National Atmospheric Deposition Program National Trends Network - Nitrogen Deposition,Catchment,0.8856,"Annual average of precipitation-weighted mean wet deposition for inorganic nitrogen concentration from nitrate and ammonium for year, 2008, within the local catchment.",2.67020724338415,kg/ha/yr,100,0.8856,Disturbance,Pollution,InorgNWetDep_2008Cat
National Atmospheric Deposition Program National Trends Network - Nitrogen Deposition,Watershed,1.6083,"Annual average of precipitation-weighted mean wet deposition for inorganic nitrogen concentration from nitrate and ammonium for year, 2008, within the upstream watershed.",2.67178877759373,m³/km²,100,1.6083,Disturbance,Pollution,InorgNWetDep_2008Ws
National Atmospheric Deposition Program National Trends Network - Nitrogen Deposition,Catchment,0.8856,"Annual average of precipitation-weighted mean deposition for ammonium ion concentration for year, 2008, within the local catchment.",1.67809191830285,kg/ha/yr,100,0.8856,Disturbance,Pollution,NH4_2008Cat
National Atmospheric Deposition Program National Trends Network - Nitrogen Deposition,Watershed,1.6083,"Annual average of precipitation-weighted mean deposition for ammonium ion concentration for year, 2008, within the total upstream watershed.",1.67981752504757,kg/ha/yr,100,1.6083,Disturbance,Pollution,NH4_2008Ws
National Atmospheric Deposition Program National Trends Network - Nitrogen Deposition,Catchment,0.8856,"Annual average of preciptiation-weighted mean deposition for nitrate ion concentration for year, 2008, within the local catchment.",6.06376807621951,kg/ha/yr,100,0.8856,Disturbance,Pollution,NO3_2008Cat
National Atmospheric Deposition Program National Trends Network - Nitrogen Deposition,Watershed,1.6083,"Annual average of preciptiation-weighted mean deposition for nitrate ion concentration for year, 2008, within the total upstream watershed.",6.06485906362619,kg/ha/yr,100,1.6083,Disturbance,Pollution,NO3_2008Ws
National Atmospheric Deposition Program National Trends Network - Nitrogen Deposition,Catchment,0.8856,"Annual average of precipitation-weighted mean deposition for average sulfur and nitrogen concentration for year, 2008, within the local catchment.",396.437279461382,kg/ha/yr,100,0.8856,Disturbance,Pollution,SN_2008Cat
National Atmospheric Deposition Program National Trends Network - Nitrogen Deposition,Watershed,1.6083,"Annual average of precipitation-weighted mean deposition for average sulfur and nitrogen concentration for year, 2008, within the total upstream watershed.",396.666952431449,kg/ha/yr,100,1.6083,Disturbance,Pollution,SN_2008Ws
2006 National Land Cover Database,Catchment,0.8856,"Percentage of the local catchment area classified as area of bedrock, desert pavement, scarps, talus, slides, volcanic materical, glacial debris, sand dunes, strip mines, gravel pits, and other accumulations of earthen material.",0,%,100,0.8856,Natural,Land Cover,PctBl2006Cat
2006 National Land Cover Database,Watershed,1.6083,"Percentage of the upstream watershed area classified as area of bedrock, desert pavement, scarps, talus, slides, volcanic materical, glacial debris, sand dunes, strip mines, gravel pits, and other accumulations of earthen material.",0,%,100,1.6083,Natural,Land Cover,PctBl2006Ws
2006 National Land Cover Database,Riparian Buffered Catchment,0.2934,"Percentage of the local catchment classified as area of bedrock, desert pavement, scarps, talus, slides, volcanic materical, glacial debris, sand dunes, strip mines, gravel pits, and other accumulations of earthen material within a 100-m wide buffer of the NHD stream lines.",0,%,100,0.2934,Natural,Land Cover,PctBl2006CatRp100
2006 National Land Cover Database,Riparian Buffered Watershed,0.4788,"Percentage of the upstream watershed classified as area of bedrock, desert pavement, scarps, talus, slides, volcanic materical, glacial debris, sand dunes, strip mines, gravel pits, and other accumulations of earthen material within a 100-m wide buffer of the NHD stream lines.",0,%,100,0.4788,Natural,Land Cover,PctBl2006WsRp100
2006 National Land Cover Database,Catchment,0.8856,Percentage of the local catchment area classified as evergreen forest land cover.,6.09756097560976,%,100,0.8856,Natural,Land Cover,PctConif2006Cat
2006 National Land Cover Database,Watershed,1.6083,Percentage of the upstream watershed area classified as evergreen forest land cover.,6.09960828203693,%,100,1.6083,Natural,Land Cover,PctConif2006Ws
2006 National Land Cover Database,Riparian Buffered Catchment,0.2934,Percentage of the local catchment classified as evergreen forest land cover within a 100-m wide buffer of the NHD stream lines.,10.1226993865031,%,100,0.2934,Natural,Land Cover,PctConif2006CatRp100
2006 National Land Cover Database,Riparian Buffered Watershed,0.4788,Percentage of the upstream watershed classified as evergreen forest land cover within a 100-m wide buffer of the NHD stream lines.,8.64661654135338,%,100,0.4788,Natural,Land Cover,PctConif2006WsRp100
2006 National Land Cover Database,Catchment,0.8856,Percentage of the local catchment area classified as row crop land use.,21.1382113821138,%,100,0.8856,Disturbance,Agriculture,PctCrop2006Cat
2006 National Land Cover Database,Watershed,1.6083,Percentage of the upstream watershed area classified as row crop land use.,26.8047006155568,%,100,1.6083,Disturbance,Agriculture,PctCrop2006Ws
2006 National Land Cover Database,Riparian Buffered Catchment,0.2934,Percentage of the local catchment classified as crop land use within a 100-m wide buffer of the NHD stream lines.,1.84049079754601,%,100,0.2934,Disturbance,Agriculture,PctCrop2006CatRp100
2006 National Land Cover Database,Riparian Buffered Watershed,0.4788,Percentage of the upstream watershed classified as crop land use within a 100-m wide buffer of the NHD stream lines.,1.12781954887218,%,100,0.4788,Disturbance,Agriculture,PctCrop2006WsRp100
2006 National Land Cover Database,Catchment,0.8856,Percentage of the local catchment area classified as deciduous forest land cover.,11.0772357723577,%,100,0.8856,Natural,Land Cover,PctDecid2006Cat
2006 National Land Cover Database,Watershed,1.6083,Percentage of the upstream watershed area classified as deciduous forest land cover.,10.2406267487409,%,100,1.6083,Natural,Land Cover,PctDecid2006Ws
2006 National Land Cover Database,Riparian Buffered Catchment,0.2934,Percentage of the local catchment classified as deciduous forest land cover within a 100-m wide buffer of the NHD stream lines.,23.6196319018405,%,100,0.2934,Natural,Land Cover,PctDecid2006CatRp100
2006 National Land Cover Database,Riparian Buffered Watershed,0.4788,Percentage of the upstream watershed classified as deciduous forest land cover within a 100-m wide buffer of the NHD stream lines.,20.6766917293233,%,100,0.4788,Natural,Land Cover,PctDecid2006WsRp100
2006 National Land Cover Database,Catchment,0.8856,Percentage of the local catchment area classified as grassland/herbaceous land cover.,0.711382113821138,%,100,0.8856,Natural,Land Cover,PctGrs2006Cat
2006 National Land Cover Database,Watershed,1.6083,Percentage of the upstream watershed area classified as grassland/herbaceous land cover.,1.17515388919978,%,100,1.6083,Natural,Land Cover,PctGrs2006Ws
2006 National Land Cover Database,Riparian Buffered Catchment,0.2934,Percentage of the local catchment classified as grassland/herbaceous land cover within a 100-m wide buffer of the NHD stream lines.,0,%,100,0.2934,Natural,Land Cover,PctGrs2006CatRp100
2006 National Land Cover Database,Riparian Buffered Watershed,0.4788,Percentage of the upstream watershed classified as grassland/herbaceous land cover within a 100-m wide buffer of the NHD stream lines.,0,%,100,0.4788,Natural,Land Cover,PctGrs2006WsRp100
2006 National Land Cover Database,Catchment,0.8856,Percentage of the local catchment area classified as pasture/hay land use.,13.0081300813008,%,100,0.8856,Disturbance,Agriculture,PctHay2006Cat
2006 National Land Cover Database,Watershed,1.6083,Percentage of the upstream watershed area classified as pasture/hay land use.,11.9194180190263,%,100,1.6083,Disturbance,Agriculture,PctHay2006Ws
2006 National Land Cover Database,Riparian Buffered Catchment,0.2934,Percentage of the local catchment classified as pasture/hay land use within a 100-m wide buffer of the NHD stream lines.,0,%,100,0.2934,Disturbance,Agriculture,PctHay2006CatRp100
2006 National Land Cover Database,Riparian Buffered Watershed,0.4788,Percentage of the upstream watershed classified as pasture/hay land use within a 100-m wide buffer of the NHD stream lines.,0,%,100,0.4788,Disturbance,Agriculture,PctHay2006WsRp100
2006 National Land Cover Database,Catchment,0.8856,Percentage of the local catchment area classified as herbaceous wetland land cover.,0,%,100,0.8856,Natural,Land Cover,PctHbWet2006Cat
2006 National Land Cover Database,Watershed,1.6083,Percentage of the upstream watershed area classified as herbaceous wetland land cover.,0,%,100,1.6083,Natural,Land Cover,PctHbWet2006Ws
2006 National Land Cover Database,Riparian Buffered Catchment,0.2934,Percentage of the local catchment classified as emergent herbaceous wetland land cover within a 100-m wide buffer of the NHD stream lines.,0,%,100,0.2934,Natural,Land Cover,PctHbWet2006CatRp100
2006 National Land Cover Database,Riparian Buffered Watershed,0.4788,Percentage of the upstream watershed classified as emergent herbaceous wetland land cover within a 100-m wide buffer of the NHD stream lines.,0,%,100,0.4788,Natural,Land Cover,PctHbWet2006WsRp100
2006 National Land Cover Database,Catchment,0.8856,Percentage of the local catchment area classified as ice/snow land cover.,0,%,100,0.8856,Natural,Land Cover,PctIce2006Cat
2006 National Land Cover Database,Watershed,1.6083,Percentage of the upstream watershed area classified as ice/snow land cover.,0,%,100,1.6083,Natural,Land Cover,PctIce2006Ws
2006 National Land Cover Database,Riparian Buffered Catchment,0.2934,Percentage of the local catchment classified as ice/snow land cover within a 100-m wide buffer of the NHD stream lines.,0,%,100,0.2934,Natural,Land Cover,PctIce2006CatRp100
2006 National Land Cover Database,Riparian Buffered Watershed,0.4788,Percentage of the upstream watershed classified as ice/snow land cover within a 100-m wide buffer of the NHD stream lines.,0,%,100,0.4788,Natural,Land Cover,PctIce2006WsRp100
2006 National Land Cover Database,Catchment,0.8856,Percentage of the local catchment area classified as mixed deciduous/evergreen forest land cover.,2.13414634146341,%,100,0.8856,Natural,Land Cover,PctMxFst2006Cat
2006 National Land Cover Database,Watershed,1.6083,Percentage of the upstream watershed area classified as mixed deciduous/evergreen forest land cover.,12.4790151091214,%,100,1.6083,Natural,Land Cover,PctMxFst2006Ws
2006 National Land Cover Database,Riparian Buffered Catchment,0.2934,Percentage of the local catchment classified as mixed deciduous/evergreen forest land cover within a 100-m wide buffer of the NHD stream lines.,4.29447852760736,%,100,0.2934,Natural,Land Cover,PctMxFst2006CatRp100
2006 National Land Cover Database,Riparian Buffered Watershed,0.4788,Percentage of the upstream watershed classified as mixed deciduous/evergreen forest land cover within a 100-m wide buffer of the NHD stream lines.,26.1278195488722,%,100,0.4788,Natural,Land Cover,PctMxFst2006WsRp100
2006 National Land Cover Database,Catchment,0.8856,Percentage of the local catchment area classified as open water land cover.,0.711382113821138,%,100,0.8856,Natural,Land Cover,PctOw2006Cat
2006 National Land Cover Database,Watershed,1.6083,Percentage of the upstream watershed area classified as open water land cover.,0.783435926133184,%,100,1.6083,Natural,Land Cover,PctOw2006Ws
2006 National Land Cover Database,Riparian Buffered Catchment,0.2934,Percentage of the local catchment classified as open water land cover within a 100-m wide buffer of the NHD stream lines.,0,%,100,0.2934,Natural,Land Cover,PctOw2006CatRp100
2006 National Land Cover Database,Riparian Buffered Watershed,0.4788,Percentage of the upstream watershed classified as open water land cover within a 100-m wide buffer of the NHD stream lines.,0,%,100,0.4788,Natural,Land Cover,PctOw2006WsRp100
2006 National Land Cover Database,Catchment,0.8856,Percentage of the local catchment area classified as shrub/scrub land cover.,39.9390243902439,%,100,0.8856,Natural,Land Cover,PctShrb2006Cat
2006 National Land Cover Database,Watershed,1.6083,Percentage of the upstream watershed area classified as shrub/scrub land cover.,25.741466144376,%,100,1.6083,Natural,Land Cover,PctShrb2006Ws
2006 National Land Cover Database,Riparian Buffered Catchment,0.2934,Percentage of the local catchment classified as shrub/scrub land cover within a 100-m wide buffer of the NHD stream lines.,57.0552147239264,%,100,0.2934,Natural,Land Cover,PctShrb2006CatRp100
2006 National Land Cover Database,Riparian Buffered Watershed,0.4788,Percentage of the upstream watershed classified as shrub/scrub land cover within a 100-m wide buffer of the NHD stream lines.,40.6015037593985,%,100,0.4788,Natural,Land Cover,PctShrb2006WsRp100
2006 National Land Cover Database,Catchment,0.8856,"Percentage of the local catchment area classified as developed, high intensity land use.",0,%,100,0.8856,Disturbance,Urban,PctUrbHi2006Cat
2006 National Land Cover Database,Watershed,1.6083,"Percentage of the upstream watershed area classified as developed, high intensity land use.",0,%,100,1.6083,Disturbance,Urban,PctUrbHi2006Ws
2006 National Land Cover Database,Riparian Buffered Catchment,0.2934,"Percentage of the local catchment classified as developed, high intensity land use within a 100-m wide buffer of the NHD stream lines.",0,%,100,0.2934,Disturbance,Urban,PctUrbHi2006CatRp100
2006 National Land Cover Database,Riparian Buffered Watershed,0.4788,"Percentage of the upstream watershed classified as developed, high intensity land use within a 100-m wide buffer of the NHD stream lines.",0,%,100,0.4788,Disturbance,Urban,PctUrbHi2006WsRp100
2006 National Land Cover Database,Catchment,0.8856,"Percentage of the local catchment area classified as developed, low intensity land use.",1.01626016260163,%,100,0.8856,Disturbance,Urban,PctUrbLo2006Cat
2006 National Land Cover Database,Watershed,1.6083,"Percentage of the upstream watershed area classified as developed, low intensity land use.",1.39899272523783,%,100,1.6083,Disturbance,Urban,PctUrbLo2006Ws
2006 National Land Cover Database,Riparian Buffered Catchment,0.2934,"Percentage of the local catchment classified as developed, low intensity land use within a 100-m wide buffer of the NHD stream lines.",1.53374233128834,%,100,0.2934,Disturbance,Urban,PctUrbLo2006CatRp100
2006 National Land Cover Database,Riparian Buffered Watershed,0.4788,"Percentage of the upstream watershed classified as developed, low intensity land use within a 100-m wide buffer of the NHD stream lines.",0.93984962406015,%,100,0.4788,Disturbance,Urban,PctUrbLo2006WsRp100
2006 National Land Cover Database,Catchment,0.8856,"Percentage of the local catchment area classified as developed, medium intensity land use.",0,%,100,0.8856,Disturbance,Urban,PctUrbMd2006Cat
2006 National Land Cover Database,Watershed,1.6083,"Percentage of the upstream watershed area classified as developed, medium intensity land use.",0.279798545047566,%,100,1.6083,Disturbance,Urban,PctUrbMd2006Ws
2006 National Land Cover Database,Riparian Buffered Catchment,0.2934,"Percentage of the local catchment classified as developed, medium intensity land use within a 100-m wide buffer of the NHD stream lines.",0,%,100,0.2934,Disturbance,Urban,PctUrbMd2006CatRp100
2006 National Land Cover Database,Riparian Buffered Watershed,0.4788,"Percentage of the upstream watershed classified as developed, medium intensity land use within a 100-m wide buffer of the NHD stream lines.",0,%,100,0.4788,Disturbance,Urban,PctUrbMd2006WsRp100
2006 National Land Cover Database,Catchment,0.8856,"Percentage of the local catchment area classified as developed, open space land use.",3.65853658536585,%,100,0.8856,Disturbance,Urban,PctUrbOp2006Cat
2006 National Land Cover Database,Watershed,1.6083,"Percentage of the upstream watershed area classified as developed, open space land use.",2.5741466144376,%,100,1.6083,Disturbance,Urban,PctUrbOp2006Ws
2006 National Land Cover Database,Riparian Buffered Catchment,0.2934,"Percentage of the local catchment classified as developed, open space land use within a 100-m wide buffer of the NHD stream lines.",0,%,100,0.2934,Disturbance,Urban,PctUrbOp2006CatRp100
2006 National Land Cover Database,Riparian Buffered Watershed,0.4788,"Percentage of the upstream watershed classified as developed, open space land use within a 100-m wide buffer of the NHD stream lines.",0.18796992481203,%,100,0.4788,Disturbance,Urban,PctUrbOp2006WsRp100
2006 National Land Cover Database,Catchment,0.8856,Percentage of the local catchment area classified as woody wetland land cover.,0.508130081300813,%,100,0.8856,Natural,Land Cover,PctWdWet2006Cat
2006 National Land Cover Database,Watershed,1.6083,Percentage of the upstream watershed area classified as woody wetland land cover.,0.503637381085618,%,100,1.6083,Natural,Land Cover,PctWdWet2006Ws
2006 National Land Cover Database,Riparian Buffered Catchment,0.2934,Percentage of the local catchment classified as woody wetland land cover within a 100-m wide buffer of the NHD stream lines.,1.53374233128834,%,100,0.2934,Natural,Land Cover,PctWdWet2006CatRp100
2006 National Land Cover Database,Riparian Buffered Watershed,0.4788,Percentage of the upstream watershed classified as woody wetland land cover within a 100-m wide buffer of the NHD stream lines.,1.69172932330827,%,100,0.4788,Natural,Land Cover,PctWdWet2006WsRp100
2011 National Land Cover Database,Catchment,0.8856,"Percentage of the local catchment area classified as area of bedrock, desert pavement, scarps, talus, slides, volcanic materical, glacial debris, sand dunes, strip mines, gravel pits, and other accumulations of earthen material.",0,%,100,0.8856,Natural,Land Cover,PctBl2011Cat
2011 National Land Cover Database,Watershed,1.6083,"Percentage of the upstream watershed area classified as area of bedrock, desert pavement, scarps, talus, slides, volcanic materical, glacial debris, sand dunes, strip mines, gravel pits, and other accumulations of earthen material.",0,%,100,1.6083,Natural,Land Cover,PctBl2011Ws
2011 National Land Cover Database,Riparian Buffered Catchment,0.2934,"Percentage of the local catchment classified as area of bedrock, desert pavement, scarps, talus, slides, volcanic materical, glacial debris, sand dunes, strip mines, gravel pits, and other accumulations of earthen material within a 100-m wide buffer of the NHD stream lines.",0,%,100,0.2934,Natural,Land Cover,PctBl2011CatRp100
2011 National Land Cover Database,Riparian Buffered Watershed,0.4788,"Percentage of the upstream watershed classified as area of bedrock, desert pavement, scarps, talus, slides, volcanic materical, glacial debris, sand dunes, strip mines, gravel pits, and other accumulations of earthen material within a 100-m wide buffer of the NHD stream lines.",0,%,100,0.4788,Natural,Land Cover,PctBl2011WsRp100
2011 National Land Cover Database,Catchment,0.8856,Percentage of the local catchment area classified as evergreen forest land cover.,4.87804878049,%,100,0.8856,Natural,Land Cover,PctConif2011Cat
2011 National Land Cover Database,Watershed,1.6083,Percentage of the upstream watershed area classified as evergreen forest land cover.,5.42809177392,%,100,1.6083,Natural,Land Cover,PctConif2011Ws
2011 National Land Cover Database,Riparian Buffered Catchment,0.2934,Percentage of the local catchment classified as evergreen forest land cover within a 100-m wide buffer of the NHD stream lines.,7.05521472392638,%,100,0.2934,Natural,Land Cover,PctConif2011CatRp100
2011 National Land Cover Database,Riparian Buffered Watershed,0.4788,Percentage of the upstream watershed classified as evergreen forest land cover within a 100-m wide buffer of the NHD stream lines.,6.76691729323308,%,100,0.4788,Natural,Land Cover,PctConif2011WsRp100
2011 National Land Cover Database,Catchment,0.8856,Percentage of the local catchment area classified as row crop land use.,21.1382113821,%,100,0.8856,Disturbance,Agriculture,PctCrop2011Cat
2011 National Land Cover Database,Watershed,1.6083,Percentage of the upstream watershed area classified as row crop land use.,26.7487409065,%,100,1.6083,Disturbance,Agriculture,PctCrop2011Ws
2011 National Land Cover Database,Riparian Buffered Catchment,0.2934,Percentage of the local catchment classified as crop land use within a 100-m wide buffer of the NHD stream lines.,1.84049079754601,%,100,0.2934,Disturbance,Agriculture,PctCrop2011CatRp100
2011 National Land Cover Database,Riparian Buffered Watershed,0.4788,Percent of the upstream watershed classified as crop land use within a 100-m wide buffer of the NHD stream lines.,1.12781954887218,%,100,0.4788,Disturbance,Agriculture,PctCrop2011WsRp100
2011 National Land Cover Database,Catchment,0.8856,Percentage of the local catchment area classified as deciduous forest land cover.,11.0772357724,%,100,0.8856,Natural,Land Cover,PctDecid2011Cat
2011 National Land Cover Database,Watershed,1.6083,Percentage of the upstream watershed area classified as deciduous forest land cover.,10.2406267487,%,100,1.6083,Natural,Land Cover,PctDecid2011Ws
2011 National Land Cover Database,Riparian Buffered Catchment,0.2934,Percentage of the local catchment classified as deciduous forest land cover within a 100-m wide buffer of the NHD stream lines.,23.6196319018405,%,100,0.2934,Natural,Land Cover,PctDecid2011CatRp100
2011 National Land Cover Database,Riparian Buffered Watershed,0.4788,Percentage of the upstream watershed classified as deciduous forest land cover within a 100-m wide buffer of the NHD stream lines.,20.6766917293233,%,100,0.4788,Natural,Land Cover,PctDecid2011WsRp100
2011 National Land Cover Database,Catchment,0.8856,Percentage of the local catchment area classified as grassland/herbaceous land cover.,0.711382113821,%,100,0.8856,Natural,Land Cover,PctGrs2011Cat
2011 National Land Cover Database,Watershed,1.6083,Percentage of the upstream watershed area classified as grassland/herbaceous land cover.,1.1751538892,%,100,1.6083,Natural,Land Cover,PctGrs2011Ws
2011 National Land Cover Database,Riparian Buffered Catchment,0.2934,Percentage of the local catchment classified as grassland/herbaceous land cover within a 100-m wide buffer of the NHD stream lines.,0,%,100,0.2934,Natural,Land Cover,PctGrs2011CatRp100
2011 National Land Cover Database,Riparian Buffered Watershed,0.4788,Percent of the upstream watershed classified as grassland/herbaceous land cover within a 100-m wide buffer of the NHD stream lines.,0,%,100,0.4788,Natural,Land Cover,PctGrs2011WsRp100
2011 National Land Cover Database,Catchment,0.8856,Percentage of the local catchment area classified as pasture/hay land use.,13.0081300813,%,100,0.8856,Disturbance,Agriculture,PctHay2011Cat
2011 National Land Cover Database,Watershed,1.6083,Percentage of the upstream watershed area classified as pasture/hay land use.,11.86345831,%,100,1.6083,Disturbance,Agriculture,PctHay2011Ws
2011 National Land Cover Database,Riparian Buffered Catchment,0.2934,Percentage of the local catchment classified as pasture/hay land use within a 100-m wide buffer of the NHD stream lines.,0,%,100,0.2934,Disturbance,Agriculture,PctHay2011CatRp100
2011 National Land Cover Database,Riparian Buffered Watershed,0.4788,Percent of the upstream watershed classified as pasture/hay land use within a 100-m wide buffer of the NHD stream lines.,0,%,100,0.4788,Disturbance,Agriculture,PctHay2011WsRp100
2011 National Land Cover Database,Catchment,0.8856,Percentage of the local catchment area classified as herbaceous wetland land cover.,0,%,100,0.8856,Natural,Land Cover,PctHbWet2011Cat
2011 National Land Cover Database,Watershed,1.6083,Percentage of the upstream watershed area classified as herbaceous wetland land cover.,0,%,100,1.6083,Natural,Land Cover,PctHbWet2011Ws
2011 National Land Cover Database,Riparian Buffered Catchment,0.2934,Percentage of the local catchment classified as emergent herbaceous wetland land cover within a 100-m wide buffer of the NHD stream lines.,0,%,100,0.2934,Natural,Land Cover,PctHbWet2011CatRp100
2011 National Land Cover Database,Riparian Buffered Watershed,0.4788,Percent of the upstream watershed classified as emergent herbaceous wetland land cover within a 100-m wide buffer of the NHD stream lines.,0,%,100,0.4788,Natural,Land Cover,PctHbWet2011WsRp100
2011 National Land Cover Database,Catchment,0.8856,Percentage of the local catchment area classified as ice/snow land cover.,0,%,100,0.8856,Natural,Land Cover,PctIce2011Cat
2011 National Land Cover Database,Watershed,1.6083,Percentage of the upstream watershed area classified as ice/snow land cover.,0,%,100,1.6083,Natural,Land Cover,PctIce2011Ws
2011 National Land Cover Database,Riparian Buffered Catchment,0.2934,Percentage of the local catchment classified as ice/snow land cover within a 100-m wide buffer of the NHD stream lines.,0,%,100,0.2934,Natural,Land Cover,PctIce2011CatRp100
2011 National Land Cover Database,Riparian Buffered Watershed,0.4788,Percentage of the upstream watershed classified as ice/snow land cover within a 100-m wide buffer of the NHD stream lines.,0,%,100,0.4788,Natural,Land Cover,PctIce2011WsRp100
2011 National Land Cover Database,Catchment,0.8856,Percentage of the local catchment area classified as mixed deciduous/evergreen forest land cover.,1.62601626016,%,100,0.8856,Natural,Land Cover,PctMxFst2011Cat
2011 National Land Cover Database,Watershed,1.6083,Percentage of the upstream watershed area classified as mixed deciduous/evergreen forest land cover.,12.1992165641,%,100,1.6083,Natural,Land Cover,PctMxFst2011Ws
2011 National Land Cover Database,Riparian Buffered Catchment,0.2934,Percentage of the local catchment classified as mixed deciduous/evergreen forest land cover within a 100-m wide buffer of the NHD stream lines.,2.76073619631902,%,100,0.2934,Natural,Land Cover,PctMxFst2011CatRp100
2011 National Land Cover Database,Riparian Buffered Watershed,0.4788,Percent of the upstream watershed classified as mixed deciduous/evergreen forest land cover within a 100-m wide buffer of the NHD stream lines.,25.187969924812,%,100,0.4788,Natural,Land Cover,PctMxFst2011WsRp100
2011 National Land Cover Database,Catchment,0.8856,Percentage of the upstream watershed area classified as open water land cover.,0.20325203252,%,100,0.8856,Natural,Land Cover,PctOw2011Cat
2011 National Land Cover Database,Watershed,1.6083,Percentage of the upstream watershed area classified as open water land cover.,0.503637381086,%,100,1.6083,Natural,Land Cover,PctOw2011Ws
2011 National Land Cover Database,Riparian Buffered Catchment,0.2934,Percentage of the local catchment classified as open water land cover within a 100-m wide buffer of the NHD stream lines.,0,%,100,0.2934,Natural,Land Cover,PctOw2011CatRp100
2011 National Land Cover Database,Riparian Buffered Watershed,0.4788,Percentage of the upstream watershed classified as open water land cover within a 100-m wide buffer of the NHD stream lines.,0,%,100,0.4788,Natural,Land Cover,PctOw2011WsRp100
2011 National Land Cover Database,Catchment,0.8856,Percentage of the local catchment area classified as shrub/scrub land cover.,38.1097560976,%,100,0.8856,Natural,Land Cover,PctShrb2011Cat
2011 National Land Cover Database,Watershed,1.6083,Percentage of the upstream watershed area classified as shrub/scrub land cover.,24.7341913822,%,100,1.6083,Natural,Land Cover,PctShrb2011Ws
2011 National Land Cover Database,Riparian Buffered Catchment,0.2934,Percentage of the local catchment classified as shrub/scrub land cover within a 100-m wide buffer of the NHD stream lines.,54.2944785276074,%,100,0.2934,Natural,Land Cover,PctShrb2011CatRp100
2011 National Land Cover Database,Riparian Buffered Watershed,0.4788,Percent of the upstream watershedclassified as shrub/scrub land cover within a 100-m wide buffer of the NHD stream lines.,38.9097744360902,%,100,0.4788,Natural,Land Cover,PctShrb2011WsRp100
2011 National Land Cover Database,Catchment,0.8856,"Percentage of the local catchment area classified as developed, high intensity land use.",0,%,100,0.8856,Disturbance,Urban,PctUrbHi2011Cat
2011 National Land Cover Database,Watershed,1.6083,"Percentage of the upstream watershed area classified as developed, high intensity land use.",0,%,100,1.6083,Disturbance,Urban,PctUrbHi2011Ws
2011 National Land Cover Database,Riparian Buffered Catchment,0.2934,"Percentage of the local catchment classified as developed, high intensity land use within a 100-m wide buffer of the NHD stream lines.",0,%,100,0.2934,Disturbance,Urban,PctUrbHi2011CatRp100
2011 National Land Cover Database,Riparian Buffered Watershed,0.4788,"Percentage of the upstream watershed classified as developed, high intensity land use within a 100-m wide buffer of the NHD stream lines.",0,%,100,0.4788,Disturbance,Urban,PctUrbHi2011WsRp100
2011 National Land Cover Database,Catchment,0.8856,"Percentage of the local catchment area classified as developed, low intensity land use.",1.62601626016,%,100,0.8856,Disturbance,Urban,PctUrbLo2011Cat
2011 National Land Cover Database,Watershed,1.6083,"Percentage of the upstream watershed area classified as developed, low intensity land use.",1.84667039731,%,100,1.6083,Disturbance,Urban,PctUrbLo2011Ws
2011 National Land Cover Database,Riparian Buffered Catchment,0.2934,"Percentage of the local catchment classified as developed, low intensity land use within a 100-m wide buffer of the NHD stream lines.",3.37423312883436,%,100,0.2934,Disturbance,Urban,PctUrbLo2011CatRp100
2011 National Land Cover Database,Riparian Buffered Watershed,0.4788,"Percentage of the upstream watershed classified as developed, low intensity land use within a 100-m wide buffer of the NHD stream lines.",2.06766917293233,%,100,0.4788,Disturbance,Urban,PctUrbLo2011WsRp100
2011 National Land Cover Database,Catchment,0.8856,"Percentage of the local catchment area classified as developed, medium intensity land use.",0,%,100,0.8856,Disturbance,Urban,PctUrbMd2011Cat
2011 National Land Cover Database,Watershed,1.6083,"Percentage of the upstream watershed area classified as developed, medium intensity land use.",0.279798545048,%,100,1.6083,Disturbance,Urban,PctUrbMd2011Ws
2011 National Land Cover Database,Riparian Buffered Catchment,0.2934,"Percentage of the local catchment classified as developed, medium intensity land use within a 100-m wide buffer of the NHD stream lines.",0,%,100,0.2934,Disturbance,Urban,PctUrbMd2011CatRp100
2011 National Land Cover Database,Riparian Buffered Watershed,0.4788,"Percentage of the upstream watershed classified as developed, medium intensity land use within a 100-m wide buffer of the NHD stream lines.",0,%,100,0.4788,Disturbance,Urban,PctUrbMd2011WsRp100
2011 National Land Cover Database,Catchment,0.8856,"Percentage of the local catchment area classified as developed, open space land use.",7.11382113821,%,100,0.8856,Disturbance,Urban,PctUrbOp2011Cat
2011 National Land Cover Database,Watershed,1.6083,"Percentage of the upstream watershed area classified as developed, open space land use.",4.47677672076,%,100,1.6083,Disturbance,Urban,PctUrbOp2011Ws
2011 National Land Cover Database,Riparian Buffered Catchment,0.2934,"Percentage of the local catchment classified as developed, open space land use within a 100-m wide buffer of the NHD stream lines.",5.52147239263804,%,100,0.2934,Disturbance,Urban,PctUrbOp2011CatRp100
2011 National Land Cover Database,Riparian Buffered Watershed,0.4788,"Percentage of the upstream watershed classified as developed, open space land use within a 100-m wide buffer of the NHD stream lines.",3.57142857142857,%,100,0.4788,Disturbance,Urban,PctUrbOp2011WsRp100
2011 National Land Cover Database,Catchment,0.8856,Percentage of the local catchment area classified as woody wetland land cover.,0.508130081301,%,100,0.8856,Natural,Land Cover,PctWdWet2011Cat
2011 National Land Cover Database,Watershed,1.6083,Percentage of the upstream watershed area classified as woody wetland land cover.,0.503637381086,%,100,1.6083,Natural,Land Cover,PctWdWet2011Ws
2011 National Land Cover Database,Riparian Buffered Catchment,0.2934,Percentage of the local catchment classified as woody wetland land cover within a 100-m wide buffer of the NHD stream lines.,1.53374233128834,%,100,0.2934,Natural,Land Cover,PctWdWet2011CatRp100
2011 National Land Cover Database,Riparian Buffered Watershed,0.4788,Percent of the upstream watershed classified as woody wetland land cover within a 100-m wide buffer of the NHD stream lines.,1.69172932330827,%,100,0.4788,Natural,Land Cover,PctWdWet2011WsRp100
Nonnative LANDFIRE Vegetation,Catchment,0.8856,Percentage nonnative vegetation landcover type reclassed from LANDFIRE Existing Vegetation Type (EVT) within the local catchment.,68.8008130081,%,100,0.8856,Disturbance,Disturbance,PctNonAgIntrodManagVegCat
Nonnative LANDFIRE Vegetation,Watershed,1.6083,Percentage nonnative vegetation landcover type reclassed from LANDFIRE Existing Vegetation Type (EVT) within the total upstream watershed.,63.2904308898,%,100,1.6083,Disturbance,Disturbance,PctNonAgIntrodManagVegWs
Nonnative LANDFIRE Vegetation,Riparian Buffered Catchment,0.2934,Percentage nonnative vegetation landcover type reclassed from LANDFIRE Existing Vegetation Type (EVT) within the riparian mask of the local catchment.,43.558282208589,%,100,0.2934,Disturbance,Riparian,PctNonAgIntrodManagVegCatRp100
Nonnative LANDFIRE Vegetation,Riparian Buffered Watershed,0.4788,Percentage nonnative vegetation landcover type reclassed from LANDFIRE Existing Vegetation Type (EVT) within the riparian mask of the total upstream watershed.,29.3233082706767,%,100,0.4788,Disturbance,Riparian,PctNonAgIntrodManagVegWsRp100
Pesticide,Catchment,0.8856,Total pesticides per square kilometer within the local catchment (kilograms/square kilometer).,14.3425878780488,kg/km²,100,0.8856,Disturbance,Pollution,Pestic97Cat
Pesticide,Watershed,1.6083,Total pesticides per square kilometer within the total upstream watershed (kilograms/square kilometer).,22.6603513054841,kg/km²,100,1.6083,Disturbance,Pollution,Pestic97Ws
PRISM Data 2008-09,Catchment,0.8856,Mean 2008 precipitation (mm) within the local catchment.,1136.2671546,mm,100,0.8856,Natural,Climate,Precip08Cat
PRISM Data 2008-09,Watershed,1.6083,Mean 2008 precipitation (mm) within the total upstream watershed.,1144.22400415,mm,100,1.6083,Natural,Climate,Precip08Ws
PRISM Data 2008-09,Catchment,0.8856,Mean 2009 precipitation (mm) within the local catchment.,1892.55474332,mm,100,0.8856,Natural,Climate,Precip09Cat
PRISM Data 2008-09,Watershed,1.6083,Mean 2009 precipitation (mm) within the total upstream watershed.,1904.84817199,mm,100,1.6083,Natural,Climate,Precip09Ws
PRISM Data 2008-09,Catchment,0.8856,Mean 2008 air temperature (Celcius) within the local catchment.,17.0601897356,°C,100,0.8856,Natural,Climate,Tmean08Cat
PRISM Data 2008-09,Watershed,1.6083,Mean 2008 air temperature (Celcius) within the total upstream watershed.,17.0321668754,°C,100,1.6083,Natural,Climate,Tmean08Ws
PRISM Data 2008-09,Catchment,0.8856,Mean 2009 air temperature (Celcius) within the local catchment.,16.9912503754,°C,100,0.8856,Natural,Climate,Tmean09Cat
PRISM Data 2008-09,Watershed,1.6083,Mean 2009 air temperature (Celcius) within the total upstream watershed.,16.9657276839,°C,100,1.6083,Natural,Climate,Tmean09Ws
PRISM Normals Data,Catchment,0.8856,30-year average annual normal precipitation (mm) within the local catchment.,1343.7469733,mm,100,0.8856,Natural,Climate,Precip8110Cat
PRISM Normals Data,Watershed,1.6083,30-year average annual normal precipitation (mm) within the upstream watershed.,1344.42361753,mm,100,1.6083,Natural,Climate,Precip8110Ws
PRISM Normals Data,Catchment,0.8856,30-year average annual normal maximum air temperature (Celcius) within the local catchment.,23.6947177038,°C,100,0.8856,Natural,Climate,Tmax8110Cat
PRISM Normals Data,Watershed,1.6083,30-year average annual normal maximum air temperature (Celcius) within the upstream watershed.,23.6551184363,°C,100,1.6083,Natural,Climate,Tmax8110Ws
PRISM Normals Data,Catchment,0.8856,30-year average annual normal mean air temperature (Celcius) within the local catchment.,17.2556876961,°C,100,0.8856,Natural,Climate,Tmean8110Cat
PRISM Normals Data,Watershed,1.6083,30-year average annual normal mean air temperature (Celcius) within the upstream watershed.,17.2209239601,°C,100,1.6083,Natural,Climate,Tmean8110Ws
PRISM Normals Data,Catchment,0.8856,30-year average annual normal minimum air temperature (Celcius) within the local catchment.,10.8089610474,°C,100,0.8856,Natural,Climate,Tmin8110Cat
PRISM Normals Data,Watershed,1.6083,30-year average annual normal minimum air temperature (Celcius) within the upstream watershed.,10.7813008158,°C,100,1.6083,Natural,Climate,Tmin8110Ws
Reference Stream Temperature Predictions,Catchment,0.8856,Predicted annual stream temperature (Celcius) for year 2008.,16.786767539,°C,,,Natural,Climate,MAST_2008
Reference Stream Temperature Predictions,Catchment,0.8856,Predicted annual stream temperature (Celcius) for year 2009.,16.786767539,°C,,,Natural,Climate,MAST_2009
Reference Stream Temperature Predictions,Catchment,0.8856,Predicted annual stream temperature (Celcius) for year 2013.,16.786767539,°C,,,Natural,Climate,MAST_2013
Reference Stream Temperature Predictions,Catchment,0.8856,Predicted annual stream temperature (Celcius) for year 2014.,16.3627004201,°C,,,Natural,Climate,MAST_2014
Reference Stream Temperature Predictions,Catchment,0.8856,Predicted summer stream temperature (Celcius) for year 2008.,21.9656006867,°C,,,Natural,Climate,MSST_2008
Reference Stream Temperature Predictions,Catchment,0.8856,Predicted summer stream temperature (Celcius) for year 2009.,21.7292036735,°C,,,Natural,Climate,MSST_2009
Reference Stream Temperature Predictions,Catchment,0.8856,Predicted summer stream temperature (Celcius) for year 2013.,21.607121212,°C,,,Natural,Climate,MSST_2013
Reference Stream Temperature Predictions,Catchment,0.8856,Predicted summer stream temperature (Celcius) for year 2014.,21.8886596332,°C,,,Natural,Climate,MSST_2014
Reference Stream Temperature Predictions,Catchment,0.8856,Predicted winter stream temperature (Celcius) for year 2008.,7.74083740623,°C,,,Natural,Climate,MWST_2008
Reference Stream Temperature Predictions,Catchment,0.8856,Predicted winter stream temperature (Celcius) for year 2009.,7.81098358382,°C,,,Natural,Climate,MWST_2009
Reference Stream Temperature Predictions,Catchment,0.8856,Predicted winter stream temperature (Celcius) for year 2013.,8.51924379837,°C,,,Natural,Climate,MWST_2013
Reference Stream Temperature Predictions,Catchment,0.8856,Predicted winter stream temperature (Celcius) for year 2014.,6.65980277441,°C,,,Natural,Climate,MWST_2014
2010 US Census Road Density,Catchment,0.8856,Average density of roads per square kilometer within the local catchment (kilometer of road/square kilometer).,0.432308736719512,km/km²,100,0.8856,Disturbance,Infrastructure,RdDensCat
2010 US Census Road Density,Watershed,1.6083,Average density of roads per square kilometer within the total upstream watershed (kilometer of road/square kilometer).,1.02947930797538,km/km²,100,1.6083,Disturbance,Infrastructure,RdDensWs
2010 US Census Road Density,Riparian Buffered Catchment,0.2934,Average density of roads per square kilometer within the riparian mask of the local catchment (kilometer of road/square kilometer).,0.039866214606749,km/km²,100,0.2934,Disturbance,Infrastructure,RdDensCatRp100
2010 US Census Road Density,Riparian Buffered Watershed,0.4788,Average density of roads per square kilometer within the riparian mask of the total upstream watershed (kilometer of road/square kilometer).,0.299010203129699,km/km²,100,0.4788,Disturbance,Infrastructure,RdDensWsRp100
Road and Stream Intersections,Catchment,0.8856,Mean of rdstrcrs values (crossings / square kilometer) within the local catchment.,0,crossings/km²,100,0.8856,Disturbance,Infrastructure,RdCrsCat
Road and Stream Intersections,Watershed,1.6083,Mean of rdstrcrs values (crossings / square kilometer) within the total upstream watershed.,0,crossings/km²,100,1.6083,Disturbance,Infrastructure,RdCrsWs
Road and Stream Intersections,Catchment,0.8856,Rdstrcrs values multiplied by NHD slope value from elevslope.dbf (crossings * slope / square kilometer) within the local catchment.,0,crossings * slope/km²,100,0.8856,Disturbance,Infrastructure,RdCrsSlpWtdCat
Road and Stream Intersections,Watershed,1.6083,Rdstrcrs values multiplied by NHD slope value from elevslope.dbf (crossings * slope / square kilometer) within the total upstream watershed.,0,crossings * slope/km²,100,1.6083,Disturbance,Infrastructure,RdCrsSlpWtdWs
Runoff,Catchment,0.8856,Mean of all runoff values within the local catchment.,456,mm,100,0.8856,Natural,Hydrology,RunoffCat
Runoff,Watershed,1.6083,Mean of all runoff values within the upstream watershed.,456,mm,100,1.6083,Natural,Hydrology,RunoffWs
State Soil Geographic Database,Catchment,0.8856,Mean of all clay values within the local catchment.,21.88,%,100,0.8856,Natural,Soils,ClayCat
State Soil Geographic Database,Watershed,1.6083,Mean of all clay values within the upstream watershed.,21.88,%,100,1.6083,Natural,Soils,ClayWs
State Soil Geographic Database,Catchment,0.8856,Mean of all sand values within the local catchment.,55.66,%,100,0.8856,Natural,Soils,SandCat
State Soil Geographic Database,Watershed,1.6083,Mean of all sand values within the upstream watershed.,55.6595523223279,%,100,1.6083,Natural,Soils,SandWs
State Soil Geographic Database,Catchment,0.8856,Mean of all organic matter values within the local catchment.,0.36,%,100,0.8856,Natural,Soils,OmCat
State Soil Geographic Database,Watershed,1.6083,Mean of all organic matter values within the upstream watershed.,0.36,%,100,1.6083,Natural,Soils,OmWs
State Soil Geographic Database,Catchment,0.8856,Mean of all permeability of soils values within the local catchment.,8.52,cm/hour,100,0.8856,Natural,Soils,PermCat
State Soil Geographic Database,Watershed,1.6083,Mean of all permeability of soils values within the upstream watershed.,8.52,cm/hour,100,1.6083,Natural,Soils,PermWs
State Soil Geographic Database,Catchment,0.8856,Mean of all depth to bedrock of soils values within the local catchment.,150.87,cm,100,0.8856,Natural,Soils,RckdepCat
State Soil Geographic Database,Watershed,1.6083,Mean of all depth to bedrock of soils values within the upstream watershed.,150.87,cm,100,1.6083,Natural,Soils,RckdepWs
State Soil Geographic Database,Catchment,0.8856,Mean of all seasonal water table depth of soils values within the local catchment.,167.71,cm,100,0.8856,Natural,Soils,WtDepCat
State Soil Geographic Database,Watershed,1.6083,Mean of all seasonal water table depth of soils values within the upstream watershed.,167.71,cm,100,1.6083,Natural,Soils,WtDepWs
2010 US Census Housing Unit and Population Density,Catchment,0.8856,Mean of all housing units per square kilometer values within the local catchment.,97.608067918,housing units/km²,100,0.8856,Disturbance,Urban,HUDen2010Cat
2010 US Census Housing Unit and Population Density,Watershed,1.6083,Mean of all housing units per square kilometer values within the upstream watershed.,106.620726752,housing units/km²,100,1.6083,Disturbance,Urban,HUDen2010Ws
2010 US Census Housing Unit and Population Density,Riparian Buffered Catchment,0.2934,Mean of all housing units per square kilometer within the local catchment within a 100-m wide buffer of the NHD stream lines.,123.571813747239,housing units/km²,100,0.2934,Disturbance,Urban,HUDen2010CatRp100
2010 US Census Housing Unit and Population Density,Riparian Buffered Watershed,0.4788,Mean of all housing units per square kilometer within the upstream watershed within a 100-m wide buffer of the NHD stream lines.,123.381245616353,housing units/km²,100,0.4788,Disturbance,Urban,HUDen2010WsRp100
2010 US Census Housing Unit and Population Density,Catchment,0.8856,Mean of all 2010 population per square kilometer values within the local catchment.,154.330048676,people/km²,100,0.8856,Disturbance,Urban,PopDen2010Cat
2010 US Census Housing Unit and Population Density,Watershed,1.6083,Mean of all 2010 population per square kilometer values within the upstream watershed.,168.31569765,people/km²,100,1.6083,Disturbance,Urban,PopDen2010Ws
2010 US Census Housing Unit and Population Density,Riparian Buffered Catchment,0.2934,Mean of all 2010 population per square kilometer values within the local catchment within a 100-m wide buffer of the NHD stream lines.,192.222821384356,people/km²,100,0.2934,Disturbance,Urban,PopDen2010CatRp100
2010 US Census Housing Unit and Population Density,Riparian Buffered Watershed,0.4788,Mean of all 2010 population per square kilometer values within the upstream watershed within a 100-m wide buffer of the NHD stream lines.,191.944696843985,people/km²,100,0.4788,Disturbance,Urban,PopDen2010WsRp100
Wetness Index,Catchment,0.8856,Mean Composite Topographic Index (CTI) [Wetness Index] within the local catchment.,440.396341463415,,100,0.8856,Natural,Wetness,AvgWetIndxCat
Wetness Index,Watershed,1.6083,Mean Composite Topographic Index (CTI) [Wetness Index] within the upstream watershed.,448.744264129827,,100,1.6083,Natural,Wetness,AvgWetIndxWs
